-- MySQL dump 10.13  Distrib 8.0.28, for Win64 (x86_64)
--
-- Host: i7a801.p.ssafy.io    Database: cogether
-- ------------------------------------------------------
-- Server version	8.0.30-0ubuntu0.20.04.2

/*!40101 SET @OLD_CHARACTER_SET_CLIENT=@@CHARACTER_SET_CLIENT */;
/*!40101 SET @OLD_CHARACTER_SET_RESULTS=@@CHARACTER_SET_RESULTS */;
/*!40101 SET @OLD_COLLATION_CONNECTION=@@COLLATION_CONNECTION */;
/*!50503 SET NAMES utf8 */;
/*!40103 SET @OLD_TIME_ZONE=@@TIME_ZONE */;
/*!40103 SET TIME_ZONE='+00:00' */;
/*!40014 SET @OLD_UNIQUE_CHECKS=@@UNIQUE_CHECKS, UNIQUE_CHECKS=0 */;
/*!40014 SET @OLD_FOREIGN_KEY_CHECKS=@@FOREIGN_KEY_CHECKS, FOREIGN_KEY_CHECKS=0 */;
/*!40101 SET @OLD_SQL_MODE=@@SQL_MODE, SQL_MODE='NO_AUTO_VALUE_ON_ZERO' */;
/*!40111 SET @OLD_SQL_NOTES=@@SQL_NOTES, SQL_NOTES=0 */;

--
-- Table structure for table `auth`
--

DROP TABLE IF EXISTS `auth`;
/*!40101 SET @saved_cs_client     = @@character_set_client */;
/*!50503 SET character_set_client = utf8mb4 */;
CREATE TABLE `auth` (
  `id` int NOT NULL AUTO_INCREMENT,
  `refresh_token` varchar(255) DEFAULT NULL,
  `user_id` int unsigned DEFAULT NULL,
  PRIMARY KEY (`id`),
  KEY `FK71o3g4vv7a893ax9k7mrh63cd` (`user_id`),
  CONSTRAINT `FK71o3g4vv7a893ax9k7mrh63cd` FOREIGN KEY (`user_id`) REFERENCES `user` (`id`)
) ENGINE=InnoDB AUTO_INCREMENT=95 DEFAULT CHARSET=utf8mb4 COLLATE=utf8mb4_0900_ai_ci;
/*!40101 SET character_set_client = @saved_cs_client */;

--
-- Dumping data for table `auth`
--

LOCK TABLES `auth` WRITE;
/*!40000 ALTER TABLE `auth` DISABLE KEYS */;
INSERT INTO `auth` VALUES (34,'eyJyZWdEYXRlIjoxNjYwODA3OTIxMTMwLCJ0eXAiOiJSRUZSRVNIX1RPS0VOIiwiYWxnIjoiSFMyNTYifQ.eyJleHAiOjE2NjE0MTI3MjEsInVzZXJJRCI6Imd0YTExMTFAbmF2ZXIuY29tIn0.WAUgVoMH-dsYbR5F_YWNMFn1gAfDrDVf_d4gskN3kEo',6),(41,'eyJyZWdEYXRlIjoxNjYwODI5MTExNjI0LCJ0eXAiOiJSRUZSRVNIX1RPS0VOIiwiYWxnIjoiSFMyNTYifQ.eyJleHAiOjE2NjE0MzM5MTEsInVzZXJJRCI6Inp6YW5nc2luMjAwMkBoYW5tYWlsLm5ldCJ9.lrOeeV-J_3kYhsXrilw9rr6G0hOEqiZk-alWiJKz7oA',10),(56,'eyJyZWdEYXRlIjoxNjYwMjcyNTE5MDcxLCJ0eXAiOiJSRUZSRVNIX1RPS0VOIiwiYWxnIjoiSFMyNTYifQ.eyJleHAiOjE2NjAyNzI4MTksInVzZXJJRCI6InNzYWZ5MkBzc2FmeS5jb20ifQ.dIXYDgZ2zv9_nYqftzF4WZLZi3_mdtlj9aeWYk3CCXE',24),(63,'eyJyZWdEYXRlIjoxNjYwMjcyNTE5MDcxLCJ0eXAiOiJSRUZSRVNIX1RPS0VOIiwiYWxnIjoiSFMyNTYifQ.eyJleHAiOjE2NjAyNzI4MTksInVzZXJJRCI6ImVzY2FwZXIyQHNzYWZ5LmNvbSJ9.-9RSOzjixRHYVzJX0fzwwAKNzh2kwnZyLdLx_rDzEc4',31),(89,'eyJyZWdEYXRlIjoxNjYwODU3NDk4MzcwLCJ0eXAiOiJSRUZSRVNIX1RPS0VOIiwiYWxnIjoiSFMyNTYifQ.eyJleHAiOjE2NjE0NjIyOTgsInVzZXJJRCI6ImdvZ29uYXJ5ZW9uZ0Bzc2FmeS5jb20ifQ.vQSgThC_4zN8F7uLG2CvIr_padSB8H99QiO369Aq11M',27),(90,'eyJyZWdEYXRlIjoxNjYwODcwMDI2NDEwLCJ0eXAiOiJSRUZSRVNIX1RPS0VOIiwiYWxnIjoiSFMyNTYifQ.eyJleHAiOjE2NjE0NzQ4MjYsInVzZXJJRCI6ImtrdTY0ckBnbWFpbC5jb20ifQ.SFujvlFb0QDjZikz1dGPnUg3Lnb4OBD8bKUMAmYoFSk',1),(93,'eyJyZWdEYXRlIjoxNjYwODcwNDMyNzEyLCJ0eXAiOiJSRUZSRVNIX1RPS0VOIiwiYWxnIjoiSFMyNTYifQ.eyJleHAiOjE2NjE0NzUyMzIsInVzZXJJRCI6ImNyYXp5Z3VuMjJAc3NhZnkuY29tIn0.0vmmdnlR7Hg5KvM_5_foZnLii7WxdFathpXYYU0i41g',8);
/*!40000 ALTER TABLE `auth` ENABLE KEYS */;
UNLOCK TABLES;

--
-- Table structure for table `chat`
--

DROP TABLE IF EXISTS `chat`;
/*!40101 SET @saved_cs_client     = @@character_set_client */;
/*!50503 SET character_set_client = utf8mb4 */;
CREATE TABLE `chat` (
  `id` int unsigned NOT NULL AUTO_INCREMENT,
  `created_at` datetime(6) DEFAULT NULL,
  `message` varchar(255) DEFAULT NULL,
  `send_user_id` int NOT NULL,
  `room_id` int unsigned DEFAULT NULL,
  PRIMARY KEY (`id`),
  KEY `FKq0wpdf7d0te1ub2uiq15i2raj` (`room_id`),
  CONSTRAINT `FKq0wpdf7d0te1ub2uiq15i2raj` FOREIGN KEY (`room_id`) REFERENCES `chat_room` (`id`)
) ENGINE=InnoDB AUTO_INCREMENT=525 DEFAULT CHARSET=utf8mb4 COLLATE=utf8mb4_0900_ai_ci;
/*!40101 SET character_set_client = @saved_cs_client */;

--
-- Dumping data for table `chat`
--

LOCK TABLES `chat` WRITE;
/*!40000 ALTER TABLE `chat` DISABLE KEYS */;
INSERT INTO `chat` VALUES (1,'2022-08-17 20:44:17.836802','안녕하세요',3,1),(2,'2022-08-17 20:44:25.260193','안녕하세요',3,1),(3,'2022-08-17 20:44:41.915920','저도 팀원구하는데',3,1),(4,'2022-08-17 20:44:44.650270','님도 구하시나요?',3,1),(5,'2022-08-17 20:44:49.343498','저도 구하고 있는데',1,1),(6,'2022-08-17 20:44:55.353994','몇 명 구하셨어요?',1,1),(7,'2022-08-17 20:45:00.839836','전 혼장....입니다',1,1),(8,'2022-08-17 20:45:05.178056','저 한 명도 못구해썽요...',3,1),(9,'2022-08-17 20:45:06.089392','어',3,1),(10,'2022-08-17 20:45:06.783968','혼자',1,1),(11,'2022-08-17 20:45:07.054879','저도요',3,1),(12,'2022-08-17 20:45:11.436429','ㅎㅎㅎ 다음에 같이해요',1,1),(13,'2022-08-17 20:45:14.888767','좋아욯ㅎㅎ',3,1),(14,'2022-08-17 20:46:14.455702','저기요',3,1),(15,'2022-08-17 20:46:15.865380','혹시',3,1),(16,'2022-08-17 20:46:18.552592','바쁘세요',3,1),(17,'2022-08-17 20:46:19.237694','?',3,1),(18,'2022-08-17 20:55:22.908739','안녕하세요~',4,3),(19,'2022-08-17 20:55:50.276782','저도 아두이노 관심 있어요~',4,4),(20,'2022-08-17 20:57:20.666905','안녕하세요!',3,3),(21,'2022-08-17 20:58:01.486012','반가워요ㅎㅎ 주디리아 이름 귀여워요~',4,3),(22,'2022-08-17 21:01:15.218352','죄송해요 아이디가 마음에 안들어요',1,4),(23,'2022-08-17 21:01:29.005662','나롱다롱도 귀여워요~~',3,3),(24,'2022-08-17 21:01:35.506435','별명이신건가요???',3,3),(25,'2022-08-17 21:04:44.367298','저는',4,3),(26,'2022-08-17 21:04:46.095389','주디리안데요',4,3),(27,'2022-08-17 21:05:00.268296','???',3,3),(28,'2022-08-17 21:05:02.183663','짭디리아',3,3),(29,'2022-08-17 21:05:06.049354','안받습니다',3,3),(30,'2022-08-17 21:05:15.564790','제가 찐디리압니다.',4,3),(31,'2022-08-17 21:05:22.265795','하...',3,3),(32,'2022-08-17 21:05:22.945842','앗',4,4),(33,'2022-08-17 21:05:25.092221','저는 사실',4,4),(34,'2022-08-17 21:05:28.177064','나롱다롱입니다.',4,4),(35,'2022-08-17 21:05:31.798681','짭디리압니다.',4,4),(36,'2022-08-17 21:05:32.841198','제가 찐이에여',3,3),(37,'2022-08-17 21:05:40.775273','아.. 짭디리아',4,3),(38,'2022-08-17 21:05:46.708986','안 받아요ㅠ',4,3),(39,'2022-08-18 11:27:32.895680','무슨 소리를 하시는... 건가요?',1,4),(40,'2022-08-18 11:31:42.041957','ㅇㅇㅇㅇㅇㅇㅇㅇㅇㅇㅇㅇㅇㅇㅇㅇㅇㅇㅇㅇㅇㅇㅇㅇㅇㅇㅇㅇㅇㅇㅇ',1,4),(41,'2022-08-18 11:31:49.939983','앗 오타입니다!',1,4),(42,'2022-08-18 11:33:26.886787','아뇨 왜요?',1,1),(43,'2022-08-18 11:34:01.139284','지금은 그래요',1,1),(44,'2022-08-18 11:34:13.943416','아닙니다',1,1),(45,'2022-08-18 11:34:27.524607','ㅎㅎㅎ',1,1),(46,'2022-08-18 11:44:40.120170','하이',7,12),(47,'2022-08-18 11:44:44.199018','ㅁㅇ',7,12),(48,'2022-08-18 11:44:53.054031','ㄹㅇㅁㄴㅇㅁㅇ',7,12),(49,'2022-08-18 11:45:04.443752','ㅈㅇㅂㅈㅇ',7,12),(50,'2022-08-18 11:45:13.143331','ㅂㅈㅇㅂㅈㅇ',7,12),(51,'2022-08-18 11:45:32.113213','채팅이 안보여..',7,12),(52,'2022-08-18 11:55:34.719298','오늘 점심 뭐인지 아시나요?? 너무 배고파요',1,4),(53,'2022-08-18 14:35:38.064015','보내줘',1,4),(54,'2022-08-18 14:36:06.314636','왜 벌써',4,4),(55,'2022-08-18 14:36:07.891230','배고프지?',4,4),(56,'2022-08-18 14:36:12.654904','아아아아아아아아아',4,4),(57,'2022-08-18 14:36:15.803471','피피티 만들기',4,4),(58,'2022-08-18 14:36:16.778495','핵노잼',4,4),(59,'2022-08-18 14:36:18.764522','살려줘',4,4),(60,'2022-08-18 14:36:26.714405','으아아아아아아아아아아아',4,4),(61,'2022-08-18 14:42:05.053807','피피티에',4,4),(62,'2022-08-18 14:42:07.731661','진회오빠는',4,4),(63,'2022-08-18 14:42:12.900695','폰버호',4,4),(64,'2022-08-18 14:42:14.670390','번호 메일',4,4),(65,'2022-08-18 14:42:16.288042','다 털렸어',4,4),(66,'2022-08-18 14:42:20.707948','부럽땅',4,4),(67,'2022-08-18 16:10:16.449267','주디리아',4,3),(68,'2022-08-18 16:10:19.427391','저랑도 롯데월드',4,3),(69,'2022-08-18 16:10:20.635790','가주세요',4,3),(70,'2022-08-18 16:10:46.627438','저 착해여',4,15),(71,'2022-08-18 16:16:03.192616','re',1,14),(72,'2022-08-18 16:16:04.473876','ew',1,14),(73,'2022-08-18 16:16:05.656948','ee',1,14),(74,'2022-08-18 16:16:07.617327','eeeeeeeeeeeeeeee',1,14),(75,'2022-08-18 16:16:09.843298','안녕',1,14),(76,'2022-08-18 16:16:16.718824','이게 되네',1,14),(77,'2022-08-18 16:16:39.121045','ㅋㅋㅋ',1,14),(78,'2022-08-18 16:16:40.700730','ㅋㅋㅋ',1,14),(79,'2022-08-18 16:16:42.232239','ㅋㅋㅋ',1,14),(80,'2022-08-18 16:18:45.720028','ㅇㅇ',1,14),(81,'2022-08-18 16:23:54.586519','너무 좋아여',3,3),(82,'2022-08-18 16:24:02.390486','근데 저 놀이기구 못 타는데 괜춘?',3,3),(83,'2022-08-18 16:26:53.650039','ㄷㄷ',1,17),(84,'2022-08-18 16:26:54.784726','ㄹㄹ',1,17),(85,'2022-08-18 16:28:14.894993','ㅇㅇ',1,17),(86,'2022-08-18 16:32:57.856919','받자고',6,18),(87,'2022-08-18 16:39:31.850642','ㅇㅇ',6,17),(88,'2022-08-18 16:39:34.672878','ㄷㄷ',6,17),(89,'2022-08-18 16:39:36.936711','ㄴㄴ',6,17),(90,'2022-08-18 16:39:58.806491','ㄹ로ㅗㅗㅗㅗㅗㅗㅗㅗㅗㅗㅗㅗㅗㅗㅗㅗㅗ\'\'\'\'\'',6,17),(91,'2022-08-18 16:41:38.013734','22',6,17),(92,'2022-08-18 16:41:39.924810','33',6,17),(93,'2022-08-18 16:42:08.997350','ㅅㄱㅈㄷ',6,17),(94,'2022-08-18 16:56:35.057641','11',6,17),(95,'2022-08-18 16:56:35.975458','22',6,17),(96,'2022-08-18 16:58:26.762040','1',6,19),(97,'2022-08-18 16:58:28.209449','2',6,19),(98,'2022-08-18 16:58:29.356436','3',6,19),(99,'2022-08-18 16:58:46.934091','1',6,19),(100,'2022-08-18 16:58:47.576525','2',6,19),(101,'2022-08-18 16:58:48.912009','4',6,19),(102,'2022-08-18 16:58:49.944356','5',6,19),(103,'2022-08-18 16:58:56.989787','5',6,19),(104,'2022-08-18 16:58:58.041555','6',6,19),(105,'2022-08-18 16:58:59.494659','7',6,19),(106,'2022-08-18 17:03:46.320420','1',6,19),(107,'2022-08-18 17:03:57.695138','1',6,19),(108,'2022-08-18 17:04:04.964303','1',6,19),(109,'2022-08-18 17:04:16.755026','1',6,19),(110,'2022-08-18 17:04:59.162220','1',6,19),(111,'2022-08-18 17:05:00.020948','2',6,19),(112,'2022-08-18 17:05:00.652375','3',6,19),(113,'2022-08-18 17:05:05.341487','4',6,19),(114,'2022-08-18 17:11:11.674263','28876',6,19),(115,'2022-08-18 17:11:36.398019','11234234',6,19),(116,'2022-08-18 17:12:10.424879','1',6,19),(117,'2022-08-18 17:12:10.948442','2',6,19),(118,'2022-08-18 17:12:13.390748','3',6,19),(119,'2022-08-18 17:12:14.381138','4',6,19),(120,'2022-08-18 17:12:15.183971','5',6,19),(121,'2022-08-18 17:12:15.836796','64',6,19),(122,'2022-08-18 17:17:02.718831','ㅇㅇ',6,19),(123,'2022-08-18 17:17:04.285881','ㅇㅇ',6,19),(124,'2022-08-18 17:17:06.055308','ㄹㄹ',6,19),(125,'2022-08-18 17:17:56.044986','ㅌ',6,19),(126,'2022-08-18 17:18:28.441689','ㅇ',6,19),(127,'2022-08-18 17:18:43.090932','ㅇ',6,19),(128,'2022-08-18 17:18:53.435274','ㅇ',6,19),(129,'2022-08-18 17:19:13.108459','ㅇ',6,19),(130,'2022-08-18 17:19:30.808765','ㅇ',6,19),(131,'2022-08-18 17:19:37.790304','ㅎ\'',6,19),(132,'2022-08-18 17:19:39.069710','ㅗ',6,19),(133,'2022-08-18 17:19:43.321464','ㅗ',6,19),(134,'2022-08-18 17:19:44.635789','ㅎ',6,19),(135,'2022-08-18 17:19:47.331169','ㅎ',6,19),(136,'2022-08-18 17:19:48.977780','ㄴ\'',6,19),(137,'2022-08-18 17:42:57.067899','11\\',6,19),(138,'2022-08-18 17:42:58.014987','22',6,19),(139,'2022-08-18 17:42:59.017185','33',6,19),(140,'2022-08-18 17:43:00.135566','44',6,19),(141,'2022-08-18 17:43:00.937968','55',6,19),(142,'2022-08-18 17:43:01.756755','66',6,19),(143,'2022-08-18 17:43:03.351334','77',6,19),(144,'2022-08-18 17:43:04.239291','88',6,19),(145,'2022-08-18 17:43:16.351112','4',6,19),(146,'2022-08-18 17:43:17.283786','ㅅ5',6,19),(147,'2022-08-18 17:45:42.468728','1',1,17),(148,'2022-08-18 17:45:43.213779','2',1,17),(149,'2022-08-18 17:45:44.022158','3',1,17),(150,'2022-08-18 17:52:43.606003','야',6,19),(151,'2022-08-18 17:52:47.067004','flfl',1,19),(152,'2022-08-18 17:52:50.039109','아아',6,19),(153,'2022-08-18 17:52:52.392336','야야',6,19),(154,'2022-08-18 17:53:56.398603','김진회 1',6,21),(155,'2022-08-18 17:54:01.347249','r김진회 2',2,21),(156,'2022-08-18 17:54:04.788179','김진회 3',2,21),(157,'2022-08-18 17:54:51.215049','난 진회',6,21),(158,'2022-08-18 17:54:56.581601','난 나령',4,21),(159,'2022-08-18 17:55:01.032234','난 진회투',2,21),(160,'2022-08-18 17:55:44.143493','진회 1',6,21),(161,'2022-08-18 17:55:46.700115','나령',4,21),(162,'2022-08-18 17:55:50.187437','진회 2',2,21),(163,'2022-08-18 17:56:59.056572','안착해여',2,15),(164,'2022-08-18 22:05:59.134003','dd',2,22),(165,'2022-08-18 22:06:00.589389','왜',2,22),(166,'2022-08-18 22:08:08.145703','네',2,22),(167,'2022-08-18 22:08:09.133715','어ㅔ4',2,22),(168,'2022-08-18 22:08:10.144640','어ㅔ',2,22),(169,'2022-08-18 22:08:11.052770','어ㅔ',2,22),(170,'2022-08-18 22:08:17.645140','왜',2,22),(171,'2022-08-18 22:08:18.839327','ㅇㅇㅇ',2,22),(172,'2022-08-18 22:08:20.466965','ㅇㅇㅇㅇㅇㅇ',2,22),(173,'2022-08-18 22:08:41.554403','ㅇㅇ',2,22),(174,'2022-08-18 22:08:42.015021','ㄹㄹ',2,22),(175,'2022-08-18 22:09:38.986096','ㅇㅇ',2,22),(176,'2022-08-18 22:09:39.476242','ㅇㅇ',2,22),(177,'2022-08-18 22:09:40.487275','ㅁㅁ',2,22),(178,'2022-08-18 22:10:21.875842','ㅇㅇ',2,22),(179,'2022-08-18 22:11:03.789501','ㄴㄴ',2,22),(180,'2022-08-18 22:11:04.421938','ㅇㅇ',2,22),(181,'2022-08-18 22:11:15.453957','ㄴㄴㄴ',2,22),(182,'2022-08-18 22:11:19.670904','ㅇㅇ\n',2,22),(183,'2022-08-18 22:13:17.849812','ㅇㅇ',2,22),(184,'2022-08-18 22:13:18.324720','ㄴㄴ',2,22),(185,'2022-08-18 22:14:31.910347','ㄴㄴ',2,22),(186,'2022-08-18 22:14:32.473291','ㅇㅇ',2,22),(187,'2022-08-18 22:14:53.605748','ㅇㅇ',2,22),(188,'2022-08-18 22:14:54.083295','ㄴㄴ',2,22),(189,'2022-08-18 22:14:54.803804','ㄷㄷ',2,22),(190,'2022-08-18 22:15:01.143961','아 왜',2,22),(191,'2022-08-18 22:15:38.521312','dd',4,22),(192,'2022-08-18 22:16:04.261131','dd',2,22),(193,'2022-08-18 22:16:06.579802','gdgd',4,22),(194,'2022-08-18 22:17:03.416995','ㄷ',2,22),(195,'2022-08-18 22:17:07.293886','ㅗ',2,22),(196,'2022-08-18 22:17:07.906524','ㅗ',2,22),(197,'2022-08-18 22:17:09.019377','ㅗㅗㅗ',2,22),(198,'2022-08-18 22:17:13.330149','ㄹㅇㄹㅇ',2,22),(199,'2022-08-18 22:17:35.516679','ㅇㅇ',2,22),(200,'2022-08-18 22:17:45.331284','ㅇㅇ',2,22),(201,'2022-08-18 22:17:55.353937','ㅎㅇㅎㅇ',2,22),(202,'2022-08-18 22:17:56.646733','ㅎㅇㅎㅇ',2,22),(203,'2022-08-18 22:18:00.689156','ㅇㅇ',4,22),(204,'2022-08-18 22:18:02.218296','안녕',4,22),(205,'2022-08-18 22:18:04.454864','나는 김진회라고해',4,22),(206,'2022-08-18 22:18:37.990885','ㅇㅇ',2,22),(207,'2022-08-18 22:19:19.283065','ㄱㄷㄱ',2,22),(208,'2022-08-18 22:19:20.047282','ㄴㄴ',2,22),(209,'2022-08-18 22:19:20.875271','ㅇㅇ',2,22),(210,'2022-08-18 22:19:21.857070','ㅇㄴㅁㅇㅁ',2,22),(211,'2022-08-18 22:19:45.689275','ㄴㅁ',4,22),(212,'2022-08-18 22:19:46.389035','ㅇㄴㅇ',4,22),(213,'2022-08-18 22:19:47.110548','ㄴㅇㄴㅇ',4,22),(214,'2022-08-18 22:19:47.779292','ㅇㄴ',4,22),(215,'2022-08-18 22:20:06.678505','ㅇㄴ',2,22),(216,'2022-08-18 22:20:07.039884','ㅇ',2,22),(217,'2022-08-18 22:20:07.513579','ㅇ',2,22),(218,'2022-08-18 22:20:07.955310','ㅇㄴ',2,22),(219,'2022-08-18 22:20:09.858158','ㄹㅇ',4,22),(220,'2022-08-18 22:20:10.341667','ㄹㅇ',4,22),(221,'2022-08-18 22:20:10.765397','ㄹㅇ',4,22),(222,'2022-08-18 22:22:07.334810','ㅈ',2,22),(223,'2022-08-18 22:22:08.856244','ㅇㄷ\\\\',2,22),(224,'2022-08-18 22:22:09.510104','ㄹㄹ',2,22),(225,'2022-08-18 22:23:03.729058','ㄴㄴ',2,22),(226,'2022-08-18 22:23:04.240301','ㅇㅇ',2,22),(227,'2022-08-18 22:23:05.096624','ㄴㄴ',2,22),(228,'2022-08-18 22:23:05.854684','ㅁㅁ',2,22),(229,'2022-08-18 22:23:12.360542','아',2,22),(230,'2022-08-18 22:23:23.067966','오',2,22),(231,'2022-08-18 22:23:23.836193','왜',2,22),(232,'2022-08-18 22:23:26.950025','됐어?',2,22),(233,'2022-08-18 22:23:29.870910','으응',4,22),(234,'2022-08-18 22:24:06.425050','ㅇㅇ',2,22),(235,'2022-08-18 22:24:07.013364','ㄹㄹ',2,22),(236,'2022-08-18 22:24:07.508770','ㅇㅇ',2,22),(237,'2022-08-18 22:24:07.987909','ㅇㅇ',2,22),(238,'2022-08-18 22:24:08.430655','ㅇㅇ',2,22),(239,'2022-08-18 22:24:08.988324','ㅇㅇ',2,22),(240,'2022-08-18 22:24:44.013159','ㅇㅇ',2,22),(241,'2022-08-18 22:24:44.536745','ㅇㅇ',2,22),(242,'2022-08-18 22:25:09.475069','ㅇㅇ',2,22),(243,'2022-08-18 22:25:10.012679','ㄹㄹ',2,22),(244,'2022-08-18 22:25:17.185639','말해봐',4,22),(245,'2022-08-18 22:25:18.359116','말하고',4,22),(246,'2022-08-18 22:25:18.994713','있어',4,22),(247,'2022-08-18 22:25:20.492008','ㄻㄴㅇㄻ',2,22),(248,'2022-08-18 22:25:20.830527','ㄻㄴㅇㄹ',2,22),(249,'2022-08-18 22:25:21.125858','ㄻㄴㅇ',2,22),(250,'2022-08-18 22:25:21.332005','ㄻㅇㄴ',2,22),(251,'2022-08-18 22:25:21.511138','ㄻㅇㄴ\nㄹ',2,22),(252,'2022-08-18 22:25:21.945584','ㅇㅁㄴ',2,22),(253,'2022-08-18 22:25:22.235882','ㄻㅇ',2,22),(254,'2022-08-18 22:25:22.428449','ㄻㅇ\nㄴㄹ',2,22),(255,'2022-08-18 22:28:06.440994','ㄱㄱ',2,22),(256,'2022-08-18 22:28:06.982737','ㅅㅅ',2,22),(257,'2022-08-18 22:28:07.503786','ㄷㄷ',2,22),(258,'2022-08-18 22:36:42.985099','ㅇㅇ',2,22),(259,'2022-08-18 22:36:44.182225','ㄹㄹ',2,22),(260,'2022-08-18 22:36:45.255683','ㄴㄴ',2,22),(261,'2022-08-18 22:36:48.764490','ㅁㅁ',2,22),(262,'2022-08-18 22:36:59.507269','왜',2,22),(263,'2022-08-18 22:37:00.072313','왜',2,22),(264,'2022-08-18 22:37:00.619956','왜',2,22),(265,'2022-08-18 22:46:18.205295','dfas',2,22),(266,'2022-08-18 22:46:20.601305','fdasfa',2,22),(267,'2022-08-18 22:46:51.836669','d',2,22),(268,'2022-08-18 22:49:17.693278','ㅇㅇ',2,22),(269,'2022-08-18 22:49:18.261709','ㄴㄴ',2,22),(270,'2022-08-18 22:49:25.748921','ㅇㅇ',2,22),(271,'2022-08-18 22:49:30.076839','ㄷㄷ',2,22),(272,'2022-08-18 22:58:44.044948','c',2,22),(273,'2022-08-18 22:58:44.692071','f',2,22),(274,'2022-08-18 23:01:17.564517','ff',2,22),(275,'2022-08-18 23:01:18.235230','gg',2,22),(276,'2022-08-18 23:01:23.315274','rr',2,22),(277,'2022-08-18 23:01:24.175003','dd',2,22),(278,'2022-08-18 23:01:37.924879','dd\'',2,22),(279,'2022-08-18 23:01:56.098329','dd',4,22),(280,'2022-08-18 23:01:59.423009','두번이네',2,22),(281,'2022-08-18 23:02:04.594773','넌 왜 두번',2,22),(282,'2022-08-18 23:02:09.176710','난 한 번인데',4,22),(283,'2022-08-18 23:02:29.597603','ㅋ\\',2,22),(284,'2022-08-18 23:03:19.642250','ㅇ',2,23),(285,'2022-08-18 23:03:32.734026','ㅎㅇ',4,23),(286,'2022-08-18 23:03:33.981143','ㅎㅇ',4,23),(287,'2022-08-18 23:03:37.197938','잘오네',2,23),(288,'2022-08-18 23:08:31.699569','ㅎㅇ',4,24),(289,'2022-08-18 23:08:33.687073','ㅎㅇ',2,24),(290,'2022-08-18 23:20:57.889026','ㅎㅎ',2,25),(291,'2022-08-18 23:20:59.199799','ㅎㅎ',2,25),(292,'2022-08-18 23:21:15.283435','ㅎㅎ',2,25),(293,'2022-08-18 23:22:03.496793','ㅎㅎ',2,25),(294,'2022-08-18 23:22:49.586088','ㅎㅎ',2,25),(295,'2022-08-18 23:23:07.709667','ㄹㄹ',2,25),(296,'2022-08-18 23:23:55.056762','ㅎㅎ',2,25),(297,'2022-08-18 23:24:52.233466','이게',2,26),(298,'2022-08-18 23:25:27.329757','ㅎㅎ',2,26),(299,'2022-08-18 23:34:52.230594','ㅎㅎ',2,26),(300,'2022-08-18 23:34:53.082210','ㅎㅎ',2,26),(301,'2022-08-18 23:34:54.525386','ㅎㅎ',2,26),(302,'2022-08-18 23:34:55.398287','ㅇㅇ',2,26),(303,'2022-08-18 23:34:57.136475','ㄹㄹ',2,26),(304,'2022-08-18 23:35:01.587252','ㅎㅎ',2,26),(305,'2022-08-18 23:35:02.699401','ㅎㅎ',2,26),(306,'2022-08-18 23:36:20.431555','ㅇㅇ',2,26),(307,'2022-08-18 23:36:21.241923','ㄹㄹㄹ',2,26),(308,'2022-08-18 23:42:48.634286','ㄷㄷ',4,26),(309,'2022-08-18 23:42:51.370800','ㄱㄱ',2,26),(310,'2022-08-18 23:43:00.404374','ㅈㅈ]\']',2,26),(311,'2022-08-18 23:43:07.055088','33',2,26),(312,'2022-08-18 23:43:14.399050','ㄱㄱ',2,26),(313,'2022-08-18 23:43:15.895184','ㅈㅈ',2,26),(314,'2022-08-18 23:43:22.463784','ㄱㄱ',4,26),(315,'2022-08-18 23:43:24.868474','ㅈㅈ',2,26),(316,'2022-08-18 23:43:38.242128','될까',2,15),(317,'2022-08-18 23:43:40.466924','ㅇㅇ',2,26),(318,'2022-08-18 23:43:43.690826','ㄹㄹ',4,26),(319,'2022-08-19 00:02:51.340517','우왕',4,29),(320,'2022-08-19 00:02:51.880701','우왕',4,29),(321,'2022-08-19 00:02:52.075133','우왕',4,29),(322,'2022-08-19 00:02:52.290229','우왕',4,29),(323,'2022-08-19 00:03:43.335303','되지 그럼~',4,15),(324,'2022-08-19 00:03:51.170134','그럼',4,3),(325,'2022-08-19 00:04:02.765862','줄 서고 계실 동안',4,3),(326,'2022-08-19 00:04:07.845203','저는 무서운 거 타고 올게요',4,3),(327,'2022-08-19 00:04:13.219911','ㅋㅋㅋㅋㅋㅋㅋㅋㅋㅋㅋㅋㅋㅋㅋㅋㅋㅋㅋㅋㅋㅋㅋㅋㅋㅋㅋㅋㅋㅋㅋㅋㅋㅋㅋㅋㅋㅋㅋㅋㅋㅋㅋㅋㅋㅋㅋㅋㅋㅋ',4,3),(328,'2022-08-19 00:14:57.768853','ㅋㅋㅋㅋㅋㅋㅋㅋㅋㅋㅋㅋㅋㅋㅋㅋㅋㅋㅋ',3,3),(329,'2022-08-19 00:15:00.409392','ㅋㅋㅋㅋㅋㅋㅋㅋㅋㅋㅋㅋㅋㅋㅋㅋㅋㅋ',3,3),(330,'2022-08-19 00:15:03.227156','뭐지',3,3),(331,'2022-08-19 00:15:08.754640','채팅이 3개씩 보내지는데',3,3),(332,'2022-08-19 00:15:25.837465','엥',3,3),(333,'2022-08-19 00:15:33.791884','또 새로고침하니까 안그렇게 보이네',3,3),(334,'2022-08-19 00:15:40.521817','ㅋㅋㅋㅋㅋㅋㅋㅋㅋㅋㅋ',3,12),(335,'2022-08-19 01:01:46.514524','ㅇㅇ',2,33),(336,'2022-08-19 01:01:48.541561','ㅇㅇ',2,33),(337,'2022-08-19 01:01:56.637517','ㅎㅇㅎㅇ',4,33),(338,'2022-08-19 01:02:01.762943','ㅎㅇ',4,33),(339,'2022-08-19 01:02:06.388429','ㅎㅇㅎㅇ',4,33),(340,'2022-08-19 01:02:14.066528','ㅎㅇㅎㅇ',4,33),(341,'2022-08-19 01:02:52.794008','ㅎㅎ',4,35),(342,'2022-08-19 01:02:54.973596','ㅎㅎ',2,35),(343,'2022-08-19 01:03:18.603987','ㅎㅎ',2,36),(344,'2022-08-19 01:06:50.994592','ㅎㅇㅎㅇ',2,37),(345,'2022-08-19 01:06:57.490147','ㅎㅇㅎㅇ',2,37),(346,'2022-08-19 01:07:07.952096','ㅎㅇ',2,37),(347,'2022-08-19 01:07:35.603143','ㅎㅇㅎㅇ',2,38),(348,'2022-08-19 01:08:44.654061','ㅎㅎ',2,39),(349,'2022-08-19 01:09:00.766319','ㅎㅇ',2,40),(350,'2022-08-19 01:09:06.016611','ㅎㅇ',2,40),(351,'2022-08-19 01:09:11.345093','ㅎㅇ',2,40),(352,'2022-08-19 01:09:26.214349','ㅎㅇ',2,41),(353,'2022-08-19 01:09:38.586284','ㅎㅇ',2,41),(354,'2022-08-19 01:11:11.230204','ㅎㅇ',2,43),(355,'2022-08-19 01:26:50.012039','4',2,56),(356,'2022-08-19 01:26:59.757263','4',2,57),(357,'2022-08-19 01:27:01.783911','4\\\\',2,57),(358,'2022-08-19 01:36:19.384675','ㅎㅎ',2,62),(359,'2022-08-19 01:53:21.970786','ㅎㅇㅎㅇ',2,66),(360,'2022-08-19 01:54:43.275251','ㄴㄷㄹ',2,68),(361,'2022-08-19 01:54:43.527645','ㄴㅇㄹ',2,68),(362,'2022-08-19 01:54:43.769743','ㄴㅇㄹ',2,68),(363,'2022-08-19 01:55:59.701971','ㄹㄴㅇㄹㄴㄹ',4,68),(364,'2022-08-19 01:56:02.076856','ㅗㅗㄱ',4,68),(365,'2022-08-19 02:12:45.482923','dd',2,70),(366,'2022-08-19 02:14:59.303822','dkssud',27,71),(367,'2022-08-19 02:24:01.047867','오호',4,3),(368,'2022-08-19 02:24:08.725355','진짜?',4,4),(369,'2022-08-19 02:24:13.389489','맞아',4,15),(370,'2022-08-19 02:24:18.160446','그거 오빠가 알려줬지',4,15),(371,'2022-08-19 02:25:14.386083','zzzzz',27,71),(372,'2022-08-19 02:25:20.761642','ff',4,70),(373,'2022-08-19 02:25:24.042051','저기요',27,71),(374,'2022-08-19 02:25:33.343245','d',2,64),(375,'2022-08-19 02:25:35.059106','ddd',2,64),(376,'2022-08-19 02:25:59.162288','ㅇㅇ',2,64),(377,'2022-08-19 02:26:00.553072','ㅇ',2,64),(378,'2022-08-19 02:26:01.574964','멀티채팅ㅠ',4,3),(379,'2022-08-19 02:26:12.414031','원투쓰리포',4,3),(380,'2022-08-19 02:26:14.153407','버블버블',4,3),(381,'2022-08-19 02:26:17.311811','마쟈',4,3),(382,'2022-08-19 02:26:22.594206','우리 채팅방이지',4,3),(383,'2022-08-19 02:26:24.080567','ㅎㅎㅎㅎ',2,64),(384,'2022-08-19 02:26:26.090336','우린 역사가 깊은',4,3),(385,'2022-08-19 02:26:26.926295','ㅋㅋㅋㅋㅋㅋㅋㅋㅋㅋㅋㅋㅋㅋㅋㅋㅋㅋㅋㅋㅋ',2,64),(386,'2022-08-19 02:26:28.081772','채팅방이야',4,3),(387,'2022-08-19 02:26:39.037925','ㅎ2',27,64),(388,'2022-08-19 02:26:43.386340','엥',2,64),(389,'2022-08-19 02:26:48.208116','누구세요',27,64),(390,'2022-08-19 02:26:55.567345','몰라요',2,64),(391,'2022-08-19 02:26:59.039924','그렇군요',27,64),(392,'2022-08-19 02:27:02.715682','zzzzzzzzzzzzzzzzzzzzzzzzzzzzzzzzzz',3,3),(393,'2022-08-19 02:27:06.630822','ㅋㅋㅋㅋㅋㅋㅋㅋㅋㅋㅋㅋㅋㅋㅋㅋㅋㅋㅋㅋㅋㅋㅋㅋㅋㅋㅋㅋㅋㅋㅋㅋㅋㅋㅋㅋㅋㅋㅋㅋㅋㅋㅋㅋㅋㅋㅋㅋㅋㅋㅋㅋㅋㅋ',3,3),(394,'2022-08-19 02:27:13.835336','근데',2,64),(395,'2022-08-19 02:27:16.160900','이거 채팅',2,64),(396,'2022-08-19 02:27:19.737366','카톡 대신에 해도',2,64),(397,'2022-08-19 02:27:21.325053','개꿀',2,64),(398,'2022-08-19 02:27:23.811941','흑흑',4,3),(399,'2022-08-19 02:27:26.367994','버그천국',4,3),(400,'2022-08-19 02:27:30.173035','난 벌레가 싫어',4,3),(401,'2022-08-19 02:27:36.690599','벌레천국이라니..!',4,3),(402,'2022-08-19 02:27:43.129302','그건 모순이야',4,3),(403,'2022-08-19 02:27:46.365495','벌레의 천국도',4,3),(404,'2022-08-19 02:27:49.280373','있긴 하겠지..?',4,3),(405,'2022-08-19 02:27:49.299651','입력창은',27,64),(406,'2022-08-19 02:27:54.506071','위에있는게 맞아?',27,64),(407,'2022-08-19 02:27:54.970711','그럼 모순 취소 벌레 미안ㅇ행...',4,3),(408,'2022-08-19 02:28:21.719104','네엥',4,3),(409,'2022-08-19 02:28:23.285758','조아조아',4,3),(410,'2022-08-19 02:28:39.329812','응?',2,64),(411,'2022-08-19 02:28:41.351655','무슨 소리야',2,64),(412,'2022-08-19 02:28:48.512110','입력창이 왜 위에 있어',2,64),(413,'2022-08-19 02:36:53.953880','jwt 너무 힘드네요 아시는 분 있나요?',2,72),(414,'2022-08-19 02:37:10.411777','저도 그거 공부하고 있는데 ㅋㅋㅋ 지금 프론트 쪽에서 막혔어요',4,72),(415,'2022-08-19 02:37:14.721136','진짜 너무 화나네요',4,72),(416,'2022-08-19 02:37:23.709417','ㅋㅋㅋ 저만 그런게 아니었구나',2,72),(417,'2022-08-19 03:10:04.193073','맞팔해줘',4,15),(418,'2022-08-19 03:10:10.323419','맞팔해줘',4,4),(419,'2022-08-19 03:16:20.154448','안녕',3,74),(420,'2022-08-19 03:17:57.226552','넹ㅠㅠ',4,72),(421,'2022-08-19 03:18:02.441524','어렵더라구요',4,72),(422,'2022-08-19 03:18:17.945050','이거 프로필 사진 뜨는 거 예뻐요!',4,72),(423,'2022-08-19 03:53:32.518573','안녕',3,76),(424,'2022-08-19 03:53:45.814466','반가워요',4,3),(425,'2022-08-19 03:53:46.988048','우왕',4,3),(426,'2022-08-19 03:53:54.427574','신기해요',4,3),(427,'2022-08-19 03:53:58.175980','성은님 짱',4,3),(428,'2022-08-19 03:54:02.980794','ㅋㅋㅋㅋㅋㅋㅋㅋㅋㅋㅋㅋㅋㅋ',4,3),(429,'2022-08-19 03:54:15.668573','흑흑',4,3),(430,'2022-08-19 03:54:18.245918','이러지마',4,3),(431,'2022-08-19 03:54:23.992704','2개씩 나오지 마',4,3),(432,'2022-08-19 03:54:27.556140','안돼',4,3),(433,'2022-08-19 03:55:48.761891','받자고ㅓ',1,18),(434,'2022-08-19 03:55:54.883126','받자고',1,18),(435,'2022-08-19 03:56:00.433831','받자고',1,18),(436,'2022-08-19 03:56:12.239209','받자고',1,18),(437,'2022-08-19 03:56:19.471423','받자고',1,18),(438,'2022-08-19 03:56:30.265733','안녕하세요',3,77),(439,'2022-08-19 03:56:36.968539','싫은데~',1,4),(440,'2022-08-19 03:56:38.521205','실흥ㄴ데~',1,4),(441,'2022-08-19 03:56:43.455359','내가 왜 맞팔해줘야하는데~',1,4),(442,'2022-08-19 03:56:55.119054','했씁니다~',1,4),(443,'2022-08-19 03:57:36.483690','맞아요 저도 그렇게 생각합니다 하하',1,72),(444,'2022-08-19 04:00:01.162291','ㅋㅋㅋㅋㅋㅋㅋㅋㅋㅋㅋㅋㅋㅋㅋㅋㅋㅋ',4,72),(445,'2022-08-19 05:36:54.055686','안녕하세요~',4,80),(446,'2022-08-19 05:37:01.237192','안녕하세요!',3,80),(447,'2022-08-19 05:37:09.169938','백준경험 있으신가요??',3,80),(448,'2022-08-19 05:37:13.901943','반가워요~',4,80),(449,'2022-08-19 05:37:15.032788','반가워요~',4,80),(450,'2022-08-19 05:37:22.427593','반가워요~',4,80),(451,'2022-08-19 05:37:22.730119','안녕하세요~',1,80),(452,'2022-08-19 05:37:25.984988','안녕하세요',3,80),(453,'2022-08-19 05:37:29.427728','한분 더 오셨네',3,80),(454,'2022-08-19 05:37:40.984812','백준 푸실 때 어느 난이도로 보통 푸시나요?',3,80),(455,'2022-08-19 05:37:44.708759','안녕하세요~',5,80),(456,'2022-08-19 05:37:50.134989','오오',3,80),(457,'2022-08-19 05:37:57.514343','저는 보통 가볍게 풀 때 골드 4로 합니다!',1,80),(458,'2022-08-19 05:37:59.047522','다 들어 오셨네',3,80),(459,'2022-08-19 05:37:59.764442','오',3,80),(460,'2022-08-19 05:38:02.893723','저는 플레티넘이요~',4,80),(461,'2022-08-19 05:38:03.936363','가볍게 골드 4라니',3,80),(462,'2022-08-19 05:38:04.990534','안녕하세요~',5,80),(463,'2022-08-19 05:38:06.267495','와우',3,80),(464,'2022-08-19 05:38:09.371740','좀 열심히 풀고 싶을 때 골드 1~3이에옹',1,80),(465,'2022-08-19 05:38:09.593887','왜 여기 계시죠?',3,80),(466,'2022-08-19 05:38:16.046464','왜요..??',1,80),(467,'2022-08-19 05:38:23.488428','아니에요',3,80),(468,'2022-08-19 05:38:24.779413','여기 플레티넘 문제푸는 곳 아닌가요?',1,80),(469,'2022-08-19 05:38:28.664470','난이도는',3,80),(470,'2022-08-19 05:38:32.143003','같이 정해보려고 하는데',3,80),(471,'2022-08-19 05:38:43.910217','호오',4,80),(472,'2022-08-19 05:38:46.259196','좋아요!!',4,80),(473,'2022-08-19 05:38:55.638827','그럼 같이 으쌰으쌰 풀어봅시다!!',1,80),(474,'2022-08-19 05:38:57.775597','기대됩니다',5,80),(475,'2022-08-19 05:39:07.292350','누가누가 빨리 푸나',4,80),(476,'2022-08-19 05:39:08.680450','ㅎㅎㅎ',5,80),(477,'2022-08-19 05:39:08.752546','내기해요',4,80),(478,'2022-08-19 05:39:26.399179','벌써 2시간이 지났네요!',3,80),(479,'2022-08-19 05:39:34.335866','다들 잘 푸셨으니 이제 방 닫아 볼까요?',3,80),(480,'2022-08-19 05:39:41.559677','넹~!! 고생하셨습니다!!',4,80),(481,'2022-08-19 05:39:46.055022','수고하세요~',5,80),(482,'2022-08-19 05:39:46.492170','또 같이 해요ㅎㅎ',4,80),(483,'2022-08-19 05:39:47.689613','넹! 다음에 기회가 되면',3,80),(484,'2022-08-19 05:39:51.081012','또 봐요!',3,80),(485,'2022-08-19 05:42:35.460291','메모장에',4,72),(486,'2022-08-19 05:42:41.402248','메모메모라고 쓰다가 깨달았는데',4,72),(487,'2022-08-19 05:42:43.887469','메터모스트',4,72),(488,'2022-08-19 05:42:58.869242','줄이면 메모',4,72),(489,'2022-08-19 05:43:04.285217','네요 하하하',4,72),(490,'2022-08-19 09:55:55.386161','안녕',3,1),(491,'2022-08-19 09:56:21.368425','뭐해뭐해',1,1),(492,'2022-08-19 09:56:25.496688','오늘 코딩해??',1,1),(493,'2022-08-19 09:56:28.556534','나도 코딩하자',1,1),(494,'2022-08-19 09:56:31.128877','같이 해',1,1),(495,'2022-08-19 09:56:43.359421','ㅋㅋㅋㅋㅋㅋㅋ',4,4),(496,'2022-08-19 09:56:46.608013','아구 잘했다~',4,4),(497,'2022-08-19 09:56:56.037922','우앙',4,3),(498,'2022-08-19 09:56:58.699111','신기해요',4,3),(499,'2022-08-19 09:57:07.251226','아구몬 진화~',1,4),(500,'2022-08-19 09:58:30.049009','안녕하세요~',4,84),(501,'2022-08-19 09:58:38.934015','안녕하세요!',3,84),(502,'2022-08-19 09:58:45.834424','함께 열심히 해봐요!!',4,84),(503,'2022-08-19 09:58:54.795441','3시간 공부 아자아자!!',4,84),(504,'2022-08-19 10:01:05.718532','TIL 너무 웃기넼ㅋㅋㅋㅋ',4,4),(505,'2022-08-19 10:01:09.541525','왜 거짓말하세요?',4,4),(506,'2022-08-19 10:01:17.816573','배가 고파도 참으시잖아요',4,4),(507,'2022-08-19 10:06:18.869848','안녕하세요',8,85),(508,'2022-08-19 10:06:22.470749','안녕하세요',8,85),(509,'2022-08-19 10:06:42.229057','ㅇㄹ',8,85),(510,'2022-08-19 10:08:30.037216','들려요?',8,85),(511,'2022-08-19 10:08:48.497756','ㅎㅎㅎ',8,86),(512,'2022-08-19 10:09:09.359840','진짜료',8,86),(513,'2022-08-19 10:09:13.028016','ㅇㅇㅇ',8,86),(514,'2022-08-19 10:14:46.145894','누구세요ㄷㄷ',5,88),(515,'2022-08-19 10:16:42.504756','지존지연 합치면',4,75),(516,'2022-08-19 10:16:43.875954','지지네요~',4,75),(517,'2022-08-19 10:16:52.085423','고나롱',4,73),(518,'2022-08-19 10:16:53.407382','고고나롱',4,73),(519,'2022-08-19 10:16:54.916564','렛츨고',4,73),(520,'2022-08-19 10:16:56.400529','고',4,73),(521,'2022-08-19 10:16:57.339306','나롱',4,73),(522,'2022-08-19 10:16:58.873878','고고',4,73),(523,'2022-08-19 10:16:59.830936','나롱',4,73),(524,'2022-08-19 10:17:01.215536','렛츠고',4,73);
/*!40000 ALTER TABLE `chat` ENABLE KEYS */;
UNLOCK TABLES;

--
-- Table structure for table `chat_member`
--

DROP TABLE IF EXISTS `chat_member`;
/*!40101 SET @saved_cs_client     = @@character_set_client */;
/*!50503 SET character_set_client = utf8mb4 */;
CREATE TABLE `chat_member` (
  `id` int unsigned NOT NULL AUTO_INCREMENT,
  `created_at` datetime(6) DEFAULT NULL,
  `last_read_chat_id` int DEFAULT NULL,
  `room_id` int unsigned DEFAULT NULL,
  `user_id` int unsigned DEFAULT NULL,
  PRIMARY KEY (`id`),
  KEY `FKaa0vh5ch9611y09xqdgt9g878` (`room_id`),
  KEY `FKeji2r41n0gs983m1m5p0bytkx` (`user_id`),
  CONSTRAINT `FKaa0vh5ch9611y09xqdgt9g878` FOREIGN KEY (`room_id`) REFERENCES `chat_room` (`id`),
  CONSTRAINT `FKeji2r41n0gs983m1m5p0bytkx` FOREIGN KEY (`user_id`) REFERENCES `user` (`id`)
) ENGINE=InnoDB AUTO_INCREMENT=45 DEFAULT CHARSET=utf8mb4 COLLATE=utf8mb4_0900_ai_ci;
/*!40101 SET character_set_client = @saved_cs_client */;

--
-- Dumping data for table `chat_member`
--

LOCK TABLES `chat_member` WRITE;
/*!40000 ALTER TABLE `chat_member` DISABLE KEYS */;
INSERT INTO `chat_member` VALUES (1,'2022-08-17 20:44:10.426530',494,1,1),(2,'2022-08-17 20:44:10.435788',492,1,3),(3,'2022-08-17 20:48:57.489170',0,2,1),(4,'2022-08-17 20:48:57.494698',0,2,2),(5,'2022-08-17 20:55:16.465647',427,3,3),(6,'2022-08-17 20:55:16.471122',498,3,4),(7,'2022-08-17 20:55:34.720779',499,4,1),(8,'2022-08-17 20:55:34.726837',506,4,4),(9,'2022-08-18 11:44:34.447138',334,12,3),(10,'2022-08-18 11:44:34.454220',51,12,7),(11,'2022-08-18 16:10:39.568560',316,15,2),(12,'2022-08-18 16:10:39.574923',417,15,4),(13,'2022-08-18 16:32:43.126758',437,18,1),(14,'2022-08-18 16:32:43.137474',0,18,6),(15,'2022-08-19 00:26:28.878151',0,34,27),(16,'2022-08-19 00:26:28.883391',0,34,28),(17,'2022-08-19 01:51:06.256254',0,63,25),(18,'2022-08-19 01:51:06.261702',0,63,2),(19,'2022-08-19 01:51:39.780571',412,64,27),(20,'2022-08-19 01:51:39.785895',412,64,2),(21,'2022-08-19 01:52:00.992676',0,65,6),(22,'2022-08-19 01:52:00.998065',0,65,2),(23,'2022-08-19 01:53:17.905042',0,66,9),(24,'2022-08-19 01:53:17.910827',359,66,2),(25,'2022-08-19 01:54:14.579056',0,67,3),(26,'2022-08-19 01:54:14.586405',0,67,2),(27,'2022-08-19 02:14:55.220429',0,71,25),(28,'2022-08-19 02:14:55.226307',373,71,27),(29,'2022-08-19 03:13:57.515768',0,73,27),(30,'2022-08-19 03:13:57.525626',524,73,4),(31,'2022-08-19 03:16:15.525149',0,74,25),(32,'2022-08-19 03:16:15.531149',419,74,3),(33,'2022-08-19 03:16:21.129671',0,75,25),(34,'2022-08-19 03:16:21.136325',516,75,4),(35,'2022-08-19 03:53:18.414464',0,76,27),(36,'2022-08-19 03:53:18.421984',423,76,3),(37,'2022-08-19 10:05:45.497401',0,85,2),(38,'2022-08-19 10:05:45.502977',510,85,8),(39,'2022-08-19 10:08:14.936682',0,86,26),(40,'2022-08-19 10:08:14.942823',511,86,8),(41,'2022-08-19 10:08:35.024108',0,87,1),(42,'2022-08-19 10:08:35.031997',0,87,8),(43,'2022-08-19 10:14:34.800416',0,88,29),(44,'2022-08-19 10:14:34.807044',514,88,5);
/*!40000 ALTER TABLE `chat_member` ENABLE KEYS */;
UNLOCK TABLES;

--
-- Table structure for table `chat_room`
--

DROP TABLE IF EXISTS `chat_room`;
/*!40101 SET @saved_cs_client     = @@character_set_client */;
/*!50503 SET character_set_client = utf8mb4 */;
CREATE TABLE `chat_room` (
  `id` int unsigned NOT NULL AUTO_INCREMENT,
  `created_at` datetime(6) DEFAULT NULL,
  `type` bit(1) DEFAULT NULL,
  PRIMARY KEY (`id`)
) ENGINE=InnoDB AUTO_INCREMENT=90 DEFAULT CHARSET=utf8mb4 COLLATE=utf8mb4_0900_ai_ci;
/*!40101 SET character_set_client = @saved_cs_client */;

--
-- Dumping data for table `chat_room`
--

LOCK TABLES `chat_room` WRITE;
/*!40000 ALTER TABLE `chat_room` DISABLE KEYS */;
INSERT INTO `chat_room` VALUES (1,'2022-08-17 20:44:10.417444',_binary '\0'),(2,'2022-08-17 20:48:57.482158',_binary '\0'),(3,'2022-08-17 20:55:16.458125',_binary '\0'),(4,'2022-08-17 20:55:34.713774',_binary '\0'),(5,'2022-08-17 21:01:56.727778',_binary ''),(6,'2022-08-17 21:05:32.652246',_binary ''),(7,'2022-08-17 21:07:57.197103',_binary ''),(8,'2022-08-17 21:09:41.799330',_binary ''),(9,'2022-08-17 22:40:37.957863',_binary ''),(10,'2022-08-18 11:41:43.987716',_binary ''),(11,'2022-08-18 11:41:56.834280',_binary ''),(12,'2022-08-18 11:44:34.439610',_binary '\0'),(13,'2022-08-18 15:20:48.939189',_binary ''),(14,'2022-08-18 15:21:45.346398',_binary ''),(15,'2022-08-18 16:10:39.559144',_binary '\0'),(16,'2022-08-18 16:13:45.549326',_binary ''),(17,'2022-08-18 16:22:09.365599',_binary ''),(18,'2022-08-18 16:32:43.089686',_binary '\0'),(19,'2022-08-18 16:57:14.232311',_binary ''),(20,'2022-08-18 17:49:56.882672',_binary ''),(21,'2022-08-18 17:53:21.777449',_binary ''),(22,'2022-08-18 17:57:09.246448',_binary ''),(23,'2022-08-18 23:03:09.469036',_binary ''),(24,'2022-08-18 23:08:18.475398',_binary ''),(25,'2022-08-18 23:20:42.703480',_binary ''),(26,'2022-08-18 23:24:47.019034',_binary ''),(27,'2022-08-18 23:45:06.612316',_binary ''),(28,'2022-08-18 23:52:36.398913',_binary ''),(29,'2022-08-18 23:56:00.767165',_binary ''),(30,'2022-08-19 00:07:43.366907',_binary ''),(31,'2022-08-19 00:09:23.509833',_binary ''),(32,'2022-08-19 00:16:10.346877',_binary ''),(33,'2022-08-19 00:16:53.689902',_binary ''),(34,'2022-08-19 00:26:28.868963',_binary '\0'),(35,'2022-08-19 01:02:44.773691',_binary ''),(36,'2022-08-19 01:03:09.231928',_binary ''),(37,'2022-08-19 01:06:47.847322',_binary ''),(38,'2022-08-19 01:07:17.622314',_binary ''),(39,'2022-08-19 01:07:42.297371',_binary ''),(40,'2022-08-19 01:08:55.315009',_binary ''),(41,'2022-08-19 01:09:18.738109',_binary ''),(42,'2022-08-19 01:10:04.490916',_binary ''),(43,'2022-08-19 01:10:52.397160',_binary ''),(44,'2022-08-19 01:13:27.183099',_binary ''),(45,'2022-08-19 01:15:04.669291',_binary ''),(46,'2022-08-19 01:15:51.771611',_binary ''),(47,'2022-08-19 01:19:51.195450',_binary ''),(48,'2022-08-19 01:20:19.822744',_binary ''),(49,'2022-08-19 01:22:33.045861',_binary ''),(50,'2022-08-19 01:22:53.468797',_binary ''),(51,'2022-08-19 01:23:21.237705',_binary ''),(52,'2022-08-19 01:24:20.722118',_binary ''),(53,'2022-08-19 01:25:22.187831',_binary ''),(54,'2022-08-19 01:25:33.847115',_binary ''),(55,'2022-08-19 01:26:02.881321',_binary ''),(56,'2022-08-19 01:26:46.485349',_binary ''),(57,'2022-08-19 01:26:56.555243',_binary ''),(58,'2022-08-19 01:27:29.461330',_binary ''),(59,'2022-08-19 01:27:44.414998',_binary ''),(60,'2022-08-19 01:28:00.122631',_binary ''),(61,'2022-08-19 01:36:09.228686',_binary ''),(62,'2022-08-19 01:36:16.204954',_binary ''),(63,'2022-08-19 01:51:06.249346',_binary '\0'),(64,'2022-08-19 01:51:39.772991',_binary '\0'),(65,'2022-08-19 01:52:00.985234',_binary '\0'),(66,'2022-08-19 01:53:17.897576',_binary '\0'),(67,'2022-08-19 01:54:14.570074',_binary '\0'),(68,'2022-08-19 01:54:36.578046',_binary ''),(69,'2022-08-19 01:56:25.246872',_binary ''),(70,'2022-08-19 02:06:39.510720',_binary ''),(71,'2022-08-19 02:14:55.213480',_binary '\0'),(72,'2022-08-19 02:36:18.147510',_binary ''),(73,'2022-08-19 03:13:57.505711',_binary '\0'),(74,'2022-08-19 03:16:15.518139',_binary '\0'),(75,'2022-08-19 03:16:21.121952',_binary '\0'),(76,'2022-08-19 03:53:18.405684',_binary '\0'),(77,'2022-08-19 03:55:14.977849',_binary ''),(78,'2022-08-19 05:17:44.146635',_binary ''),(79,'2022-08-19 05:31:45.226862',_binary ''),(80,'2022-08-19 05:33:10.193278',_binary ''),(81,'2022-08-19 05:33:12.140355',_binary ''),(82,'2022-08-19 05:42:23.736326',_binary ''),(83,'2022-08-19 05:42:48.724939',_binary ''),(84,'2022-08-19 09:57:59.002398',_binary ''),(85,'2022-08-19 10:05:45.489788',_binary '\0'),(86,'2022-08-19 10:08:14.928316',_binary '\0'),(87,'2022-08-19 10:08:35.015910',_binary '\0'),(88,'2022-08-19 10:14:34.794226',_binary '\0'),(89,'2022-08-19 10:22:50.607378',_binary '');
/*!40000 ALTER TABLE `chat_room` ENABLE KEYS */;
UNLOCK TABLES;

--
-- Table structure for table `follow`
--

DROP TABLE IF EXISTS `follow`;
/*!40101 SET @saved_cs_client     = @@character_set_client */;
/*!50503 SET character_set_client = utf8mb4 */;
CREATE TABLE `follow` (
  `id` int unsigned NOT NULL AUTO_INCREMENT,
  `from_email` varchar(255) NOT NULL,
  `from_id` int NOT NULL,
  `to_email` varchar(255) NOT NULL,
  `to_id` int unsigned DEFAULT NULL,
  PRIMARY KEY (`id`),
  KEY `FKq103isl3e5kx6ik9dgmuj71m9` (`to_id`),
  CONSTRAINT `FKq103isl3e5kx6ik9dgmuj71m9` FOREIGN KEY (`to_id`) REFERENCES `user` (`id`)
) ENGINE=InnoDB AUTO_INCREMENT=57 DEFAULT CHARSET=utf8mb4 COLLATE=utf8mb4_0900_ai_ci;
/*!40101 SET character_set_client = @saved_cs_client */;

--
-- Dumping data for table `follow`
--

LOCK TABLES `follow` WRITE;
/*!40000 ALTER TABLE `follow` DISABLE KEYS */;
INSERT INTO `follow` VALUES (1,'kku64r@chungbuk.ac.kr',2,'kku64r@gmail.com',1),(8,'kku64r@gmail.com',1,'ssafy@ssafy.com',11),(9,'kku64r@chungbuk.ac.kr',2,'ssafy@ssafy.com',11),(10,'ibsun1215@gmail.com',3,'ssafy@ssafy.com',11),(11,'naryung92@naver.com',4,'ssafy@ssafy.com',11),(12,'ssafy@ssafy.com',11,'zyeon@ssafy.com',25),(13,'gogonaryeong@ssafy.com',27,'zyeon@ssafy.com',25),(14,'zyeon@ssafy.com',25,'ibsun1215@gmail.com',3),(15,'ssafy@ssafy.com',11,'ibsun1215@gmail.com',3),(16,'ibsun1215@gmail.com',3,'zyeon@ssafy.com',25),(17,'ssafy1@ssafy.com',23,'godse@ssafy.com',28),(18,'jine@ssafy.com',26,'hcpark@ssafy.com',29),(19,'kku64r@gmail.com',1,'hcpark@ssafy.com',29),(21,'ibsun1215@gmail.com',3,'hcpark@ssafy.com',29),(23,'ssafy_coach@ssafy.com',9,'crazygun22@ssafy.com',8),(24,'crazygun22@ssafy.com',8,'ssafy_coach@ssafy.com',9),(33,'zyeon@ssafy.com',25,'escaper1@ssafy.com',30),(34,'kku64r@gmail.com',1,'gogonaryeong@ssafy.com',27),(35,'naryung92@naver.com',4,'gogonaryeong@ssafy.com',27),(36,'zzangsin2002@hanmail.net',10,'gogonaryeong@ssafy.com',27),(37,'ibsun1215@gmail.com',3,'naryung92@naver.com',4),(38,'ssafy@ssafy.com',11,'naryung92@naver.com',4),(39,'kku64r@chungbuk.ac.kr',2,'naryung92@naver.com',4),(40,'kku64r@gmail.com',1,'naryung92@naver.com',4),(41,'gogonaryeong@ssafy.com',27,'naryung92@naver.com',4),(42,'zyeon@ssafy.com',25,'naryung92@naver.com',4),(44,'naryung92@naver.com',4,'kku64r@gmail.com',1),(45,'zyeon@ssafy.com',25,'gogonaryeong@ssafy.com',27),(46,'kku64r@gmail.com',1,'zyeon@ssafy.com',25),(47,'kku64r@chungbuk.ac.kr',2,'zyeon@ssafy.com',25),(49,'gta1111@naver.com',6,'zyeon@ssafy.com',25),(50,'hcdefinitely@gmail.com',5,'gkdlrhfhasl@gmail.com',32),(52,'naryung92@naver.com',4,'hcdefinitely@gmail.com',5),(53,'zyeon@ssafy.com',25,'hcdefinitely@gmail.com',5),(54,'naryung92@naver.com',4,'ibsun1215@gmail.com',3),(55,'kku64r@chungbuk.ac.kr',2,'crazygun22@ssafy.com',8),(56,'hcpark@ssafy.com',29,'hcdefinitely@gmail.com',5);
/*!40000 ALTER TABLE `follow` ENABLE KEYS */;
UNLOCK TABLES;

--
-- Table structure for table `hunting`
--

DROP TABLE IF EXISTS `hunting`;
/*!40101 SET @saved_cs_client     = @@character_set_client */;
/*!50503 SET character_set_client = utf8mb4 */;
CREATE TABLE `hunting` (
  `id` int unsigned NOT NULL AUTO_INCREMENT,
  `content` varchar(1000) NOT NULL,
  `title` varchar(100) NOT NULL,
  `user_id` int unsigned DEFAULT NULL,
  PRIMARY KEY (`id`),
  KEY `FKbco297hs23is7wduvxd7k4f72` (`user_id`),
  CONSTRAINT `FKbco297hs23is7wduvxd7k4f72` FOREIGN KEY (`user_id`) REFERENCES `user` (`id`)
) ENGINE=InnoDB AUTO_INCREMENT=29 DEFAULT CHARSET=utf8mb4 COLLATE=utf8mb4_0900_ai_ci;
/*!40101 SET character_set_client = @saved_cs_client */;

--
-- Dumping data for table `hunting`
--

LOCK TABLES `hunting` WRITE;
/*!40000 ALTER TABLE `hunting` DISABLE KEYS */;
INSERT INTO `hunting` VALUES (2,'저는 백엔드 지망으로 java, spring, mysql 사용 경험 있습니다!\n저 좀 데려가 주세요...\n소처럼 일 할게요!','저 좀 데려가 주실 팀 없나요..? 열심히 하겠습니다!',3),(3,'c++언어랑 arduino 전문적으로 배우고 프로젝트 경험 쌓을 예정입니다!','토이 프로젝트 아이디어 있으시면 같이 해요!',1),(4,'작은 프로젝트하면서 경험쌓으실 착한 분 구해요','혼자 공부하기 너무 힘든데',2),(6,'REST API, 스프링 부트, JPA, AWS, MYSQL 등 가능합니다!\n깃 사용 경험 있고 열심히 할 자신 있습니다.\n성격도 얼굴처럼 둥글둥글 합니다~ 편하게 연락주세요ㅎㅎ','백엔드 희망합니다.',4),(7,'현재 백엔드 2명, iot개발자 1명, 프론트 1명, 하드웨어 1명있습니다. 파이썬으로 tensolflow 구현하실 ai 1분 구해요~~','라즈베리파이와 젯슨나노보드를 이용한 자율주행자동차',6),(23,'2','2',6),(24,'프로젝트 구인글도 올렸습니다 ㅎㅎ \n참고하시고 궁금하신점은 DM 보내주세요~','IOT 관심있으신 분, 저랑 프로젝트해요 !!',27),(25,'안데려가면 지상렬','나 데려가삼',25),(26,'지존왕천재 개발자입니다','저는 싸피 코치입니다. 데려가세요',9),(27,'같이 해요! 백엔드 지망입니다.','10월 달에 토이프로젝트 구상 중인 사람',2),(28,'알고리즘은 자신 있어옹','알고리즘 플레티넘 AI관련 스터디 들어가요~',6);
/*!40000 ALTER TABLE `hunting` ENABLE KEYS */;
UNLOCK TABLES;

--
-- Table structure for table `hunting_scrap`
--

DROP TABLE IF EXISTS `hunting_scrap`;
/*!40101 SET @saved_cs_client     = @@character_set_client */;
/*!50503 SET character_set_client = utf8mb4 */;
CREATE TABLE `hunting_scrap` (
  `id` int unsigned NOT NULL AUTO_INCREMENT,
  `hunting_id` int unsigned DEFAULT NULL,
  `user_id` int unsigned DEFAULT NULL,
  PRIMARY KEY (`id`),
  KEY `FKpbb9xnfvt75jgnbnflkbjsuc9` (`hunting_id`),
  KEY `FKjip2suta4cr2qgkwoxp1kqyae` (`user_id`),
  CONSTRAINT `FKjip2suta4cr2qgkwoxp1kqyae` FOREIGN KEY (`user_id`) REFERENCES `user` (`id`),
  CONSTRAINT `FKpbb9xnfvt75jgnbnflkbjsuc9` FOREIGN KEY (`hunting_id`) REFERENCES `hunting` (`id`)
) ENGINE=InnoDB AUTO_INCREMENT=16 DEFAULT CHARSET=utf8mb4 COLLATE=utf8mb4_0900_ai_ci;
/*!40101 SET character_set_client = @saved_cs_client */;

--
-- Dumping data for table `hunting_scrap`
--

LOCK TABLES `hunting_scrap` WRITE;
/*!40000 ALTER TABLE `hunting_scrap` DISABLE KEYS */;
INSERT INTO `hunting_scrap` VALUES (6,7,4),(7,25,27),(8,26,3),(9,7,1),(10,3,1),(11,24,1),(12,25,3),(13,27,8),(14,26,8),(15,25,8);
/*!40000 ALTER TABLE `hunting_scrap` ENABLE KEYS */;
UNLOCK TABLES;

--
-- Table structure for table `live_comp`
--

DROP TABLE IF EXISTS `live_comp`;
/*!40101 SET @saved_cs_client     = @@character_set_client */;
/*!50503 SET character_set_client = utf8mb4 */;
CREATE TABLE `live_comp` (
  `id` int unsigned NOT NULL AUTO_INCREMENT,
  `created_at` datetime(6) DEFAULT NULL,
  `total_time` int NOT NULL,
  `user_id` int unsigned DEFAULT NULL,
  PRIMARY KEY (`id`),
  KEY `FKoskqjxbsocjylrdd373o5vll8` (`user_id`),
  CONSTRAINT `FKoskqjxbsocjylrdd373o5vll8` FOREIGN KEY (`user_id`) REFERENCES `user` (`id`)
) ENGINE=InnoDB AUTO_INCREMENT=23 DEFAULT CHARSET=utf8mb4 COLLATE=utf8mb4_0900_ai_ci;
/*!40101 SET character_set_client = @saved_cs_client */;

--
-- Dumping data for table `live_comp`
--

LOCK TABLES `live_comp` WRITE;
/*!40000 ALTER TABLE `live_comp` DISABLE KEYS */;
INSERT INTO `live_comp` VALUES (1,'2022-08-17 20:33:47.216355',796,3),(2,'2022-08-17 20:36:52.966082',181,1),(3,'2022-08-17 20:47:00.261562',3,2),(4,'2022-08-17 20:56:05.113212',397,4),(5,'2022-08-17 22:27:22.980104',3,6),(6,'2022-08-18 09:07:26.067492',1,5),(7,'2022-08-18 09:37:43.782050',190,1),(8,'2022-08-18 11:23:10.641230',363,7),(9,'2022-08-18 11:33:38.512196',1166,3),(10,'2022-08-18 12:01:42.560978',0,6),(11,'2022-08-18 16:00:29.852354',0,9),(12,'2022-08-18 16:04:41.640788',149,4),(13,'2022-08-18 17:53:10.890246',14,2),(14,'2022-08-18 22:25:18.617058',0,10),(15,'2022-08-18 23:41:50.838873',0,27),(16,'2022-08-19 05:32:35.910672',0,25),(17,'2022-08-19 10:06:02.521111',0,8),(18,'2022-08-19 10:06:29.076855',0,8),(19,'2022-08-19 10:06:50.323904',0,8),(20,'2022-08-19 10:08:53.303001',0,8),(21,'2022-08-19 10:09:46.357181',0,8),(22,'2022-08-19 10:09:46.411669',0,8);
/*!40000 ALTER TABLE `live_comp` ENABLE KEYS */;
UNLOCK TABLES;

--
-- Table structure for table `live_coop`
--

DROP TABLE IF EXISTS `live_coop`;
/*!40101 SET @saved_cs_client     = @@character_set_client */;
/*!50503 SET character_set_client = utf8mb4 */;
CREATE TABLE `live_coop` (
  `id` int unsigned NOT NULL AUTO_INCREMENT,
  `content` varchar(2000) NOT NULL,
  `created_at` datetime(6) DEFAULT NULL,
  `duration` int NOT NULL,
  `in_progress` bit(1) NOT NULL,
  `mem_num` int NOT NULL,
  `now_mem_num` int NOT NULL,
  `title` varchar(100) NOT NULL,
  `room_id` int unsigned DEFAULT NULL,
  `user_id` int unsigned DEFAULT NULL,
  PRIMARY KEY (`id`),
  KEY `FK6aoaowxkfx21d9htnbvvrhb9e` (`room_id`),
  KEY `FK7snjk0wpolkrfp9lsmym4x0o8` (`user_id`),
  CONSTRAINT `FK6aoaowxkfx21d9htnbvvrhb9e` FOREIGN KEY (`room_id`) REFERENCES `chat_room` (`id`),
  CONSTRAINT `FK7snjk0wpolkrfp9lsmym4x0o8` FOREIGN KEY (`user_id`) REFERENCES `user` (`id`)
) ENGINE=InnoDB AUTO_INCREMENT=68 DEFAULT CHARSET=utf8mb4 COLLATE=utf8mb4_0900_ai_ci;
/*!40101 SET character_set_client = @saved_cs_client */;

--
-- Dumping data for table `live_coop`
--

LOCK TABLES `live_coop` WRITE;
/*!40000 ALTER TABLE `live_coop` DISABLE KEYS */;
INSERT INTO `live_coop` VALUES (58,'같이 토론하면서 jwt 공부하실 분 구해요~~','2022-08-19 02:36:18.153956',150,_binary '\0',4,1,'JWT 공부하실 분 구해요',72,2),(63,'나랑 파이썬 맞짱뜨자','2022-08-19 05:33:12.147474',70,_binary '\0',2,2,'PYTHON 1:1 고수만',81,25),(65,'빠르게 풀고 리뷰해봅시당','2022-08-19 05:42:48.731842',80,_binary '\0',5,2,'백준1547번 풀 사람?!',83,1),(67,'2시간 관련 얘기하면서 공부해요','2022-08-19 10:22:50.614268',120,_binary '\0',3,1,'AI 심층탐구 공부할사람',89,6);
/*!40000 ALTER TABLE `live_coop` ENABLE KEYS */;
UNLOCK TABLES;

--
-- Table structure for table `live_coop_member`
--

DROP TABLE IF EXISTS `live_coop_member`;
/*!40101 SET @saved_cs_client     = @@character_set_client */;
/*!50503 SET character_set_client = utf8mb4 */;
CREATE TABLE `live_coop_member` (
  `id` int unsigned NOT NULL AUTO_INCREMENT,
  `code` varchar(15000) DEFAULT NULL,
  `livecoop_id` int unsigned DEFAULT NULL,
  `user_id` int unsigned DEFAULT NULL,
  PRIMARY KEY (`id`),
  KEY `FK37q3tlhj41vrahwr8ken4mbcu` (`livecoop_id`),
  KEY `FKs88i94rm6a9dugwbqwek5l17g` (`user_id`),
  CONSTRAINT `FK37q3tlhj41vrahwr8ken4mbcu` FOREIGN KEY (`livecoop_id`) REFERENCES `live_coop` (`id`),
  CONSTRAINT `FKs88i94rm6a9dugwbqwek5l17g` FOREIGN KEY (`user_id`) REFERENCES `user` (`id`)
) ENGINE=InnoDB AUTO_INCREMENT=126 DEFAULT CHARSET=utf8mb4 COLLATE=utf8mb4_0900_ai_ci;
/*!40101 SET character_set_client = @saved_cs_client */;

--
-- Dumping data for table `live_coop_member`
--

LOCK TABLES `live_coop_member` WRITE;
/*!40000 ALTER TABLE `live_coop_member` DISABLE KEYS */;
INSERT INTO `live_coop_member` VALUES (104,NULL,58,2),(112,NULL,63,25),(118,NULL,63,5),(121,NULL,65,1),(124,NULL,65,8),(125,NULL,67,6);
/*!40000 ALTER TABLE `live_coop_member` ENABLE KEYS */;
UNLOCK TABLES;

--
-- Table structure for table `noti`
--

DROP TABLE IF EXISTS `noti`;
/*!40101 SET @saved_cs_client     = @@character_set_client */;
/*!50503 SET character_set_client = utf8mb4 */;
CREATE TABLE `noti` (
  `id` int unsigned NOT NULL AUTO_INCREMENT,
  `content_id` int NOT NULL,
  `create_at` datetime(6) DEFAULT NULL,
  `message` varchar(200) NOT NULL,
  `read_at` datetime(6) DEFAULT NULL,
  `receive_id` int NOT NULL,
  `type` varchar(10) NOT NULL,
  `url` varchar(300) NOT NULL,
  `send_id` int unsigned DEFAULT NULL,
  PRIMARY KEY (`id`),
  KEY `FKtpve4dnudimvd8nancsqn8lc1` (`send_id`),
  CONSTRAINT `FKtpve4dnudimvd8nancsqn8lc1` FOREIGN KEY (`send_id`) REFERENCES `user` (`id`)
) ENGINE=InnoDB DEFAULT CHARSET=utf8mb4 COLLATE=utf8mb4_0900_ai_ci;
/*!40101 SET character_set_client = @saved_cs_client */;

--
-- Dumping data for table `noti`
--

LOCK TABLES `noti` WRITE;
/*!40000 ALTER TABLE `noti` DISABLE KEYS */;
/*!40000 ALTER TABLE `noti` ENABLE KEYS */;
UNLOCK TABLES;

--
-- Table structure for table `project`
--

DROP TABLE IF EXISTS `project`;
/*!40101 SET @saved_cs_client     = @@character_set_client */;
/*!50503 SET character_set_client = utf8mb4 */;
CREATE TABLE `project` (
  `id` int unsigned NOT NULL AUTO_INCREMENT,
  `content` varchar(2000) NOT NULL,
  `created_at` datetime(6) DEFAULT NULL,
  `cur_mem` int NOT NULL,
  `online` varchar(255) NOT NULL,
  `start` datetime(6) DEFAULT NULL,
  `title` varchar(100) NOT NULL,
  `total_mem` int NOT NULL,
  `user_id` int unsigned DEFAULT NULL,
  PRIMARY KEY (`id`),
  KEY `FKo06v2e9kuapcugnyhttqa1vpt` (`user_id`),
  CONSTRAINT `FKo06v2e9kuapcugnyhttqa1vpt` FOREIGN KEY (`user_id`) REFERENCES `user` (`id`)
) ENGINE=InnoDB AUTO_INCREMENT=18 DEFAULT CHARSET=utf8mb4 COLLATE=utf8mb4_0900_ai_ci;
/*!40101 SET character_set_client = @saved_cs_client */;

--
-- Dumping data for table `project`
--

LOCK TABLES `project` WRITE;
/*!40000 ALTER TABLE `project` DISABLE KEYS */;
INSERT INTO `project` VALUES (1,'같이 토이프로젝트 진행할 팀원을 구합니다!\n\n백엔드 한명, 프론트 엔드 한명 구해요!\n\n예상기간은 1달 정도일 것 같습니다!','2022-08-17 20:36:04.248349',4,'미정','2022-08-22 09:00:00.000000','같이 프로젝트할 팀원 구해요!',6,3),(2,'아두이노 관련해서 진짜 간단한 토이프로젝트할 사람 구합니다.','2022-08-17 20:42:37.530921',1,'미정','2022-08-26 09:00:00.000000','간단한 토이프로젝트할 사람구해요',4,1),(9,'주제 미정.\n일주일컷으로 빡세게 프로젝트 하실 분 구합니다 \n자유롭게 DM 주ㅆ ㅔ용','2022-08-18 23:19:37.534373',1,'오프라인','2022-08-21 09:00:00.000000','간단한 스피드런 토이프로젝트 @@@ 너만 오면 ㄱㄱㄱㄱㄱㄱㄱㄱㄱ',3,26),(10,'생활속에서 적용할만한 간단한 사물인터넷 구상하고 있습니다 ~\n온라인 오프라인 병행할 예정이고 빵판 작업할때는 무조건 만나서 했으면 좋겠어요 ~\n회로 설계 다되면 그이후로는 온라인 \nDM 주세용 ~\n아니면 카톡 주세요\n\n','2022-08-18 23:44:32.452132',1,'오프라인','2022-08-20 09:00:00.000000','저랑 IOT 프로젝트 하실분 !!',4,27),(11,'팀원 한명당 서버개설\n백프 구분없이 개인당 풀스택 구현후 도커라이징후 배포예정입니다.\n\nCI/CD 관심 많으신분 연락주세용','2022-08-19 00:18:01.940731',1,'온라인','2022-08-22 09:00:00.000000','MSA적으로 개발해서 도커라이징할 팀 모집합니다',6,25),(14,'현재 서버와 백엔드는 구했고 프론트 3명 구해요. 프론트 구하기가 하늘의 별따기네요.. 같이 할 사람??','2022-08-19 10:00:14.458409',6,'온라인','2022-08-20 09:00:00.000000','작은 토이프로젝트 백프론트구해요',9,2),(15,'저는 사람을 구합니다.','2022-08-19 10:07:44.762021',3,'온라인','2022-08-18 09:00:00.000000','운영체제 스터디 구해요',6,8),(16,'뭐라도 합니다. 3인분 같은 2인분해요~~','2022-08-19 10:12:06.495597',2,'미정','2022-08-25 09:00:00.000000','비전공 작은 프로젝트 같이 해요~',5,4),(17,'ai관련해서 하나 하실 분~?','2022-08-19 10:20:41.213720',2,'미정','2022-09-29 09:00:00.000000','텐서플로우 토이프로젝트',4,6);
/*!40000 ALTER TABLE `project` ENABLE KEYS */;
UNLOCK TABLES;

--
-- Table structure for table `project_scrap`
--

DROP TABLE IF EXISTS `project_scrap`;
/*!40101 SET @saved_cs_client     = @@character_set_client */;
/*!50503 SET character_set_client = utf8mb4 */;
CREATE TABLE `project_scrap` (
  `id` int unsigned NOT NULL AUTO_INCREMENT,
  `project_id` int unsigned DEFAULT NULL,
  `user_id` int unsigned DEFAULT NULL,
  PRIMARY KEY (`id`),
  KEY `FK43340oktrfgcndm8vfwcnl2cp` (`project_id`),
  KEY `FKtqexegn96j69pud31oxtbf2f6` (`user_id`),
  CONSTRAINT `FK43340oktrfgcndm8vfwcnl2cp` FOREIGN KEY (`project_id`) REFERENCES `project` (`id`),
  CONSTRAINT `FKtqexegn96j69pud31oxtbf2f6` FOREIGN KEY (`user_id`) REFERENCES `user` (`id`)
) ENGINE=InnoDB AUTO_INCREMENT=5 DEFAULT CHARSET=utf8mb4 COLLATE=utf8mb4_0900_ai_ci;
/*!40101 SET character_set_client = @saved_cs_client */;

--
-- Dumping data for table `project_scrap`
--

LOCK TABLES `project_scrap` WRITE;
/*!40000 ALTER TABLE `project_scrap` DISABLE KEYS */;
INSERT INTO `project_scrap` VALUES (1,2,3),(2,10,4),(3,10,3),(4,15,8);
/*!40000 ALTER TABLE `project_scrap` ENABLE KEYS */;
UNLOCK TABLES;

--
-- Table structure for table `project_skill`
--

DROP TABLE IF EXISTS `project_skill`;
/*!40101 SET @saved_cs_client     = @@character_set_client */;
/*!50503 SET character_set_client = utf8mb4 */;
CREATE TABLE `project_skill` (
  `id` int unsigned NOT NULL AUTO_INCREMENT,
  `skill_name` varchar(255) NOT NULL,
  `project_id` int unsigned DEFAULT NULL,
  PRIMARY KEY (`id`),
  KEY `FKqufv40gmkhn3vuo9opfumexss` (`project_id`),
  CONSTRAINT `FKqufv40gmkhn3vuo9opfumexss` FOREIGN KEY (`project_id`) REFERENCES `project` (`id`)
) ENGINE=InnoDB AUTO_INCREMENT=37 DEFAULT CHARSET=utf8mb4 COLLATE=utf8mb4_0900_ai_ci;
/*!40101 SET character_set_client = @saved_cs_client */;

--
-- Dumping data for table `project_skill`
--

LOCK TABLES `project_skill` WRITE;
/*!40000 ALTER TABLE `project_skill` DISABLE KEYS */;
INSERT INTO `project_skill` VALUES (1,'java',1),(2,'react',1),(3,'javascript',1),(4,'spring',1),(5,'mysql',1),(6,'c',2),(7,'php',2),(8,'arduino',2),(14,'spring',9),(15,'mysql',9),(16,'java',9),(17,'react',9),(18,'typescript',9),(19,'c',10),(20,'arduino',10),(21,'python',10),(22,'csharp',10),(23,'docker',11),(24,'jenkins',11),(25,'nginx',11),(26,'linux',11),(29,'java',14),(30,'javascript',14),(31,'oracle',14),(32,'spring',14),(33,'python',16),(34,'vuejs',16),(35,'html5',16),(36,'tensorflow',17);
/*!40000 ALTER TABLE `project_skill` ENABLE KEYS */;
UNLOCK TABLES;

--
-- Table structure for table `ranking`
--

DROP TABLE IF EXISTS `ranking`;
/*!40101 SET @saved_cs_client     = @@character_set_client */;
/*!50503 SET character_set_client = utf8mb4 */;
CREATE TABLE `ranking` (
  `id` int unsigned NOT NULL AUTO_INCREMENT,
  `month` int DEFAULT NULL,
  `til_cnt` int DEFAULT NULL,
  `total` int DEFAULT NULL,
  `week` int DEFAULT NULL,
  `user_id` int unsigned DEFAULT NULL,
  PRIMARY KEY (`id`),
  KEY `FKehvphu7jeof7k2ha7p3osmf6i` (`user_id`),
  CONSTRAINT `FKehvphu7jeof7k2ha7p3osmf6i` FOREIGN KEY (`user_id`) REFERENCES `user` (`id`)
) ENGINE=InnoDB AUTO_INCREMENT=24 DEFAULT CHARSET=utf8mb4 COLLATE=utf8mb4_0900_ai_ci;
/*!40101 SET character_set_client = @saved_cs_client */;

--
-- Dumping data for table `ranking`
--

LOCK TABLES `ranking` WRITE;
/*!40000 ALTER TABLE `ranking` DISABLE KEYS */;
INSERT INTO `ranking` VALUES (1,371,-5,371,371,1),(2,17,0,17,17,2),(3,1962,3,1962,1962,3),(4,546,2,546,546,4),(5,1,3,1,1,5),(6,3,0,3,3,6),(7,363,7,363,363,7),(8,0,1,0,0,8),(9,0,1,0,0,9),(10,0,0,0,0,10),(13,0,0,0,0,23),(14,0,0,0,0,24),(15,0,2,0,0,25),(16,0,2,0,0,26),(17,0,5,0,0,27),(18,0,1,0,0,28),(19,0,0,0,0,29),(20,0,0,0,0,30),(21,0,0,0,0,31),(22,0,0,0,0,32),(23,252,4,252,252,11);
/*!40000 ALTER TABLE `ranking` ENABLE KEYS */;
UNLOCK TABLES;

--
-- Table structure for table `study`
--

DROP TABLE IF EXISTS `study`;
/*!40101 SET @saved_cs_client     = @@character_set_client */;
/*!50503 SET character_set_client = utf8mb4 */;
CREATE TABLE `study` (
  `id` int unsigned NOT NULL AUTO_INCREMENT,
  `content` varchar(2000) NOT NULL,
  `created_at` datetime(6) DEFAULT NULL,
  `cur_mem` int NOT NULL,
  `online` varchar(255) NOT NULL,
  `start` datetime(6) DEFAULT NULL,
  `title` varchar(100) NOT NULL,
  `total_mem` int NOT NULL,
  `user_id` int unsigned DEFAULT NULL,
  PRIMARY KEY (`id`),
  KEY `FKkhcyngf15w120k4wx6pp21ijn` (`user_id`),
  CONSTRAINT `FKkhcyngf15w120k4wx6pp21ijn` FOREIGN KEY (`user_id`) REFERENCES `user` (`id`)
) ENGINE=InnoDB AUTO_INCREMENT=9 DEFAULT CHARSET=utf8mb4 COLLATE=utf8mb4_0900_ai_ci;
/*!40101 SET character_set_client = @saved_cs_client */;

--
-- Dumping data for table `study`
--

LOCK TABLES `study` WRITE;
/*!40000 ALTER TABLE `study` DISABLE KEYS */;
INSERT INTO `study` VALUES (1,'매주 월, 목 9시에 할 예정입니다~ 가끔씩 대면으로 할 거고, 서울에서 할 예정입니다!','2022-08-17 20:48:13.012322',3,'미정','2022-08-18 09:00:00.000000','취업대비 cs스터디하실 분 구합니다.',6,2),(2,'같이 파이썬이랑 C언어 공부하실 분 구해요!\n시간이랑 횟수는 같이 조정할 예정이고 오프라인으로 진행할 예정이에요! 노원구 인근 생각 중이긴 하지만 같이 조정해보면 좋을 거 같습니다~~','2022-08-18 11:39:08.165470',2,'오프라인','2022-08-31 09:00:00.000000','스터디 할 사람 여기여기 붙어라~~~',4,3),(4,'- 알고리즘 공부 (백준기준으로 하루에 한문제씩 코드리뷰)\n- 자소서 서로 첨삭\n\n','2022-08-19 00:20:13.647960',6,'온라인','2022-08-27 09:00:00.000000','SSAFY 9기 대비 스터디 모집',3,25),(5,'저랑 매일 백준문제 매일매일 푸실분 구합니다\n저는 브론즈 입니다 하하하 !','2022-08-19 03:03:08.199564',1,'오프라인','2022-08-20 09:00:00.000000','백준 다이아 가즈아',7,27),(6,'면접대비 기초 cs 스터디 구해요. 장소는 역삼역! 언제든지 오세용','2022-08-19 10:01:13.107635',4,'오프라인','2022-09-01 09:00:00.000000','면접 cs 스터디 구해요',6,2),(7,'강남역 카페에서 그냥 이것저것 공부해봐요.','2022-08-19 10:12:38.339910',1,'미정','2022-09-03 09:00:00.000000','소규모 스터디 구해요',3,4),(8,'사람 구하거나 이미 하는 곳에 들어갑니다~','2022-08-19 10:21:24.564051',1,'미정','2022-08-25 09:00:00.000000','ai 스터디 할 사람 구해요',4,6);
/*!40000 ALTER TABLE `study` ENABLE KEYS */;
UNLOCK TABLES;

--
-- Table structure for table `study_scrap`
--

DROP TABLE IF EXISTS `study_scrap`;
/*!40101 SET @saved_cs_client     = @@character_set_client */;
/*!50503 SET character_set_client = utf8mb4 */;
CREATE TABLE `study_scrap` (
  `id` int unsigned NOT NULL AUTO_INCREMENT,
  `study_id` int unsigned DEFAULT NULL,
  `user_id` int unsigned DEFAULT NULL,
  PRIMARY KEY (`id`),
  KEY `FK69faucg95ekyflykgjl635mx5` (`study_id`),
  KEY `FK9jno0gwx6v00vbbvjt292v9dx` (`user_id`),
  CONSTRAINT `FK69faucg95ekyflykgjl635mx5` FOREIGN KEY (`study_id`) REFERENCES `study` (`id`),
  CONSTRAINT `FK9jno0gwx6v00vbbvjt292v9dx` FOREIGN KEY (`user_id`) REFERENCES `user` (`id`)
) ENGINE=InnoDB AUTO_INCREMENT=8 DEFAULT CHARSET=utf8mb4 COLLATE=utf8mb4_0900_ai_ci;
/*!40101 SET character_set_client = @saved_cs_client */;

--
-- Dumping data for table `study_scrap`
--

LOCK TABLES `study_scrap` WRITE;
/*!40000 ALTER TABLE `study_scrap` DISABLE KEYS */;
INSERT INTO `study_scrap` VALUES (1,2,9),(2,1,9),(4,1,3),(5,2,27),(6,6,8),(7,5,8);
/*!40000 ALTER TABLE `study_scrap` ENABLE KEYS */;
UNLOCK TABLES;

--
-- Table structure for table `study_skill`
--

DROP TABLE IF EXISTS `study_skill`;
/*!40101 SET @saved_cs_client     = @@character_set_client */;
/*!50503 SET character_set_client = utf8mb4 */;
CREATE TABLE `study_skill` (
  `id` int unsigned NOT NULL AUTO_INCREMENT,
  `skill_name` varchar(255) NOT NULL,
  `study_id` int unsigned DEFAULT NULL,
  PRIMARY KEY (`id`),
  KEY `FKfdro9ek8kngd4mvx92vwkgx1j` (`study_id`),
  CONSTRAINT `FKfdro9ek8kngd4mvx92vwkgx1j` FOREIGN KEY (`study_id`) REFERENCES `study` (`id`)
) ENGINE=InnoDB AUTO_INCREMENT=7 DEFAULT CHARSET=utf8mb4 COLLATE=utf8mb4_0900_ai_ci;
/*!40101 SET character_set_client = @saved_cs_client */;

--
-- Dumping data for table `study_skill`
--

LOCK TABLES `study_skill` WRITE;
/*!40000 ALTER TABLE `study_skill` DISABLE KEYS */;
INSERT INTO `study_skill` VALUES (1,'java',1),(2,'c',2),(3,'python',2),(4,'c',5),(5,'java',6),(6,'tensorflow',8);
/*!40000 ALTER TABLE `study_skill` ENABLE KEYS */;
UNLOCK TABLES;

--
-- Table structure for table `til`
--

DROP TABLE IF EXISTS `til`;
/*!40101 SET @saved_cs_client     = @@character_set_client */;
/*!50503 SET character_set_client = utf8mb4 */;
CREATE TABLE `til` (
  `id` int unsigned NOT NULL AUTO_INCREMENT,
  `content` varchar(1000) NOT NULL,
  `created_at` datetime(6) DEFAULT NULL,
  `title` varchar(100) NOT NULL,
  `user_id` int unsigned DEFAULT NULL,
  PRIMARY KEY (`id`),
  KEY `FKjxupxgwh7qgni0qv5p3io3aqw` (`user_id`),
  CONSTRAINT `FKjxupxgwh7qgni0qv5p3io3aqw` FOREIGN KEY (`user_id`) REFERENCES `user` (`id`)
) ENGINE=InnoDB AUTO_INCREMENT=65 DEFAULT CHARSET=utf8mb4 COLLATE=utf8mb4_0900_ai_ci;
/*!40101 SET character_set_client = @saved_cs_client */;

--
-- Dumping data for table `til`
--

LOCK TABLES `til` WRITE;
/*!40000 ALTER TABLE `til` DISABLE KEYS */;
INSERT INTO `til` VALUES (1,'‘짧은 거리를 전력 질주하다’ 라는 뜻의 Sprint, 개발에서는 어떻게 쓰이고 있을까요?\n\n스프린트는 구글 수석디자이너 제이크 냅이 고안한 기획실행법으로, 팀원들과 토론을 통해 도출된 아이디어를 단기간 내에 프로토타입으로 제작하고 테스트하여 중요한 문제들에 대한 답을 찾아가는 과정입니다.\n상품이나 서비스 혹은 조직이 당면한 문제에 대해 단기간 내에 시뮬레이션하여 시간과 자원을 효과적으로 사용할 수 있는 개발 방식으로 특히, 스타트업에서는 실제로 제품을 구축하고 실시하는 위험한 과정에 착수하기 전에 자신들이 제대로 가고 있는지 확인해볼 방법을 제시합니다.','2022-08-17 20:08:43.042269','오늘의 TIL: 스프린트란?',1),(2,'정말 JWT는 어려운 것 같다... 너무 어려워서 스트레스 받았지만 오늘 하루도 화이팅!','2022-08-17 20:14:52.565538','JWT를 공부한 오늘',1),(20,'8월 17일\n오늘은 발표 준비를 했어요\n팀원들이 다들 많이 힘들어보여요\n다들 끝까지 화이팅했으면 좋겠어요!\n싸피 7기 화이팅!','2022-08-17 20:31:17.368412','오늘의 공부일지',3),(23,'','2022-08-17 22:33:47.030376','야호야ㅐ호야호야호',7),(24,'코게더 ~  !','2022-08-17 22:34:24.901349','야호야호',7),(33,'ㅁㄴㅇㄴㅁㅇ','2022-08-18 11:04:28.767129','ㅁㄴㅇㅁㅇ',7),(34,'ㅁㄴㅇㄴㅁㅇ','2022-08-18 11:04:29.893404','ㅁㄴㅇㅁㅇ',7),(35,'ㄴㅇㄴ','2022-08-18 11:06:21.797633','ㅇㄴㅇ',7),(36,'ㅂㅈㄷㅂㄷㅂ','2022-08-18 11:06:36.038790','ㄷㅈㅂㄷㅂ',7),(37,'오늘도 발표 준비를 하고 있다... 다들 화이팅....','2022-08-18 11:35:48.783580','오늘의 공부일지',3),(38,'','2022-08-18 11:42:51.155000','',7),(39,'ㅁㄴㅇ','2022-08-18 11:43:03.746761','ㅁㄴㅇ',7),(40,'ㅁㄴㅇ','2022-08-18 11:43:10.558775','ㅁㄴㅇ',7),(41,'오늘 피피티를 만들었다.\n웹소켓 다시 공부하려니까 넘넘 재미읎다.\n미리캔버스 좋아요~','2022-08-18 16:07:56.640265','나두 TIL 등록하고 싶어!',4),(42,'코코게게게더더더','2022-08-18 23:14:53.867840','첫번째 피드 ~',26),(43,'텐서플로우를 공부했다 \n텐서플로우 첫화면에 있는 코드로 숫자이미지를 인식하는 코드를 작성해보았습니다 ','2022-08-18 23:16:17.250275','오늘의 공부 !',26),(45,'열심히 공부해야지 !!! \n#맞팔 #선팔 #개발자 #백엔드','2022-08-18 23:24:55.940310','코게더 가입하고 첫 글 >< !!',27),(46,'엑스비 쉴드와 어댑터를 이용하여 릴레이 모듈 제어해보는 연습해보았음 !','2022-08-18 23:48:02.324451','아두이노 XBEE 통신 연습',27),(47,'자바 진영의 ORM 기술 표준\n\n1 . JPA가 제공하는 API를 사용하면 객체를 DB에 저장하고 관리할 때, 개발자가 직접 SQL을 작성하지 않아도 된다.\n2. JPA가 개발자 대신 적절한 SQL을 생성해서 DB에 전달하고, 객체를 자동으로 Mapping 해준다.\n3. 이 때, JPA를 활용한다면 모든 SQL에 대해 개발자 대신 JPA가 자동으로 해결해 준다는 점에서 생산성을 크게 높인다.\n\n\n\n마이바티스만 써봤는데 자동으로 테이블 생성해주고 데이터 넣었다 뺏다가 너무 편하다 ㅎㅎ\nJPA 넘 똑똑해','2022-08-18 23:52:27.377655','JPA 공부 - JPA 란?',27),(48,'연봉 123954102934211억 개발자 되야지','2022-08-19 00:00:09.144101','안녕.. 난 지존지연이라구해',25),(49,'여기는... 멀티캠퍼스.......\n내 정수리위 컴퓨타..','2022-08-19 00:07:58.570636','스프링 띠용때용 이얍',25),(50,'난 떵으니라구해','2022-08-19 00:14:27.087096','안녕..',28),(51,'(੭•̀ᴗ•̀)੭','2022-08-19 00:40:09.116463','코게더에 오신 것을 환영합니다',8),(52,'(੭•̀ᴗ•̀)੭','2022-08-19 00:42:50.419377','코게더에 오신 것을 환영합니다',9),(54,'정말 힘드네요 자바도 잘 모르겠는데...','2022-08-19 02:26:49.877336','스프링 공부를 했습니다',5),(55,'직접 자습서를 읽어보니까 새로 알게 되는 내용이 참 많네요...\n프로그래밍에 대해 보는 시야가 넓어지는 느낌이었습니다.\n오랜만에 파이썬을 다시 보네요!','2022-08-19 02:29:13.930678','파이썬도 공부했습니다',5),(56,'그래도 다 해결되는 중이라 다행입니다.','2022-08-19 02:36:59.586912','프론트가 또 말썽이',5),(57,'오늘은 즐거운 발표 날!!\n팀원들과 밤을 새니 전혀 힘들지 않지 않아요~','2022-08-19 03:12:12.392498','나의 든든한 팀원들과 개발했어요!',4),(60,'코게더에 오신 것을 환영 합니다','2022-08-19 04:34:35.308636','코게더에 오신 것을 환영 합니다',32),(61,'JPA는 천재야. 자기가 알아서 테이블도 만들고...\n아주 개짱임.','2022-08-19 06:21:21.152344','우리.. 프로젝트 폴더 구조를 소개합니다',27),(62,'자바는 1995년 미국의 썬마이크로 시스템즈라는 회사에서 개발한 객체지향 언어이다 !\n자바는... 전세계에서 많이 쓰이고 있는 언어라구 합니다 ~~ ','2022-08-19 06:38:02.485118','자바란 무엇일까?',27),(63,'오늘은 드디어 떨리는 코게더 발표날! 다들 열심히 준비한만큼 끝까지 잘 마무리 했으면 좋겠다!\n싸피 7기 파이팅! 싸피 8반 파이팅!! 다들 공통 너무 수고했어요~~','2022-08-19 09:51:47.232852','08/19 오늘의 공부 일지',3),(64,'요즘따라 코딩을 하다가 배가 고플 때가 많다. 그럴 땐 참지않고 밥을 먹는다. \n근데 배가 고프면 졸리다. 역시 코딩의 길은 멀고도 험하다.','2022-08-19 09:54:34.081826','코딩하다 배가 고플 때가 많다.',1);
/*!40000 ALTER TABLE `til` ENABLE KEYS */;
UNLOCK TABLES;

--
-- Table structure for table `til_comment`
--

DROP TABLE IF EXISTS `til_comment`;
/*!40101 SET @saved_cs_client     = @@character_set_client */;
/*!50503 SET character_set_client = utf8mb4 */;
CREATE TABLE `til_comment` (
  `id` int unsigned NOT NULL AUTO_INCREMENT,
  `content` varchar(500) NOT NULL,
  `created_at` datetime(6) DEFAULT NULL,
  `til_id` int unsigned DEFAULT NULL,
  `user_id` int unsigned DEFAULT NULL,
  PRIMARY KEY (`id`),
  KEY `FKbknk0hepor17ix1thdoblmgxr` (`til_id`),
  KEY `FK10scw193utyq7tlk58lnjk3h1` (`user_id`),
  CONSTRAINT `FK10scw193utyq7tlk58lnjk3h1` FOREIGN KEY (`user_id`) REFERENCES `user` (`id`),
  CONSTRAINT `FKbknk0hepor17ix1thdoblmgxr` FOREIGN KEY (`til_id`) REFERENCES `til` (`id`)
) ENGINE=InnoDB AUTO_INCREMENT=96 DEFAULT CHARSET=utf8mb4 COLLATE=utf8mb4_0900_ai_ci;
/*!40101 SET character_set_client = @saved_cs_client */;

--
-- Dumping data for table `til_comment`
--

LOCK TABLES `til_comment` WRITE;
/*!40000 ALTER TABLE `til_comment` DISABLE KEYS */;
INSERT INTO `til_comment` VALUES (3,'화이팅 화이팅!!! JWT 너는 내 손바닥 안이야!','2022-08-17 20:20:26.983256',2,1),(5,'나도 힘내자.... 빠샤!!','2022-08-18 11:36:30.657556',37,3),(6,'화이팅!!!!!','2022-08-18 11:36:58.104297',37,3),(7,'우왕 등록했당','2022-08-18 16:08:10.997109',41,4),(8,'재밌어 신기해 짱이다아','2022-08-18 16:08:51.750505',41,4),(13,'안녕','2022-08-18 16:44:03.067013',37,3),(27,'무플이라닝 넘 슬퍼 ~','2022-08-18 23:15:11.943536',42,26),(32,'댓글 내놔 ~','2022-08-18 23:53:11.986512',47,27),(33,'댓글 내놔 ~','2022-08-18 23:53:18.617113',47,27),(34,'댓글 내놔 ~','2022-08-18 23:53:18.784378',47,27),(42,'댓글이 안달려','2022-08-19 00:27:56.797625',50,28),(49,'아.. 또 에러가 생겼네요...','2022-08-19 02:37:15.500234',56,5),(61,'멋지당~','2022-08-19 03:14:32.888763',47,4),(62,'우와~ 빵판 오랜만에 봐요!','2022-08-19 03:15:08.658533',46,4),(63,'우리 맞팔해요~~','2022-08-19 03:15:31.128696',45,4),(64,'컴퓨타.. 머 리 조 심 !','2022-08-19 03:16:50.218948',49,4),(65,'안녕.. 난 찐따나롱.. 1억만 주라','2022-08-19 03:17:14.925330',48,4),(79,'너무너무 귀여워용','2022-08-19 04:19:58.342623',57,27),(80,'너무너무 귀여워용','2022-08-19 04:20:00.728276',57,27),(81,'너무너무 귀여워용','2022-08-19 04:20:01.023440',57,27),(82,'너무너무 귀여워용','2022-08-19 04:20:01.303930',57,27),(83,'너무너무 귀여워용','2022-08-19 04:20:18.082229',57,27),(84,'너무너무 귀여워용','2022-08-19 04:20:18.296084',57,27),(85,'너무너무 귀여워용','2022-08-19 04:20:18.505799',57,27),(86,'aa','2022-08-19 04:23:55.887551',49,25),(91,'계속 잘 되기를...','2022-08-19 04:27:52.551042',55,5),(92,'정말 감사합니다..','2022-08-19 04:34:46.366874',60,32),(93,'뭐 자바요?','2022-08-19 04:44:11.194244',54,32),(94,'안녕하세요!','2022-08-19 09:53:01.411657',57,3),(95,'안녕하세요','2022-08-19 10:05:08.701970',52,8);
/*!40000 ALTER TABLE `til_comment` ENABLE KEYS */;
UNLOCK TABLES;

--
-- Table structure for table `til_img`
--

DROP TABLE IF EXISTS `til_img`;
/*!40101 SET @saved_cs_client     = @@character_set_client */;
/*!50503 SET character_set_client = utf8mb4 */;
CREATE TABLE `til_img` (
  `id` int unsigned NOT NULL AUTO_INCREMENT,
  `url` varchar(255) NOT NULL,
  `til_id` int unsigned DEFAULT NULL,
  PRIMARY KEY (`id`),
  KEY `FK8lr8o6fhc29mybeiic5fitr3v` (`til_id`),
  CONSTRAINT `FK8lr8o6fhc29mybeiic5fitr3v` FOREIGN KEY (`til_id`) REFERENCES `til` (`id`)
) ENGINE=InnoDB AUTO_INCREMENT=76 DEFAULT CHARSET=utf8mb4 COLLATE=utf8mb4_0900_ai_ci;
/*!40101 SET character_set_client = @saved_cs_client */;

--
-- Dumping data for table `til_img`
--

LOCK TABLES `til_img` WRITE;
/*!40000 ALTER TABLE `til_img` DISABLE KEYS */;
INSERT INTO `til_img` VALUES (1,'https://cogethera801.s3.ap-northeast-2.amazonaws.com/e72fe3aa-a430-4d67-b3ce-c302bf5dd8d8.PNG',1),(2,'https://cogethera801.s3.ap-northeast-2.amazonaws.com/f794efe2-dab4-4db6-b031-8d1eee8ea1b8.jfif',2),(3,'https://cogethera801.s3.ap-northeast-2.amazonaws.com/29763d73-da1b-4867-bc43-e3969577535c.png',2),(13,'https://cogethera801.s3.ap-northeast-2.amazonaws.com/a095f928-f6ad-4caf-a9de-bd5fc396ebd3.PNG',20),(14,'https://cogethera801.s3.ap-northeast-2.amazonaws.com/6a68b4b8-10f4-4261-9b84-54475bdc8415.PNG',20),(17,'https://cogethera801.s3.ap-northeast-2.amazonaws.com/2c6ee699-7e0e-4a70-a342-49ed680f50b3.png',24),(36,'https://cogethera801.s3.ap-northeast-2.amazonaws.com/ef9270af-e6f0-44a8-a52f-9603829af1a1.png',33),(37,'https://cogethera801.s3.ap-northeast-2.amazonaws.com/85baf2d0-d19b-4379-905b-ae9a3e1f5bef.png',34),(38,'https://cogethera801.s3.ap-northeast-2.amazonaws.com/189fdbff-6b32-4923-b7ab-caefe4d0d0d6.png',35),(39,'https://cogethera801.s3.ap-northeast-2.amazonaws.com/d8c94537-9b50-4c47-ac75-26f6a2d2e7d4.png',36),(40,'https://cogethera801.s3.ap-northeast-2.amazonaws.com/9676eb26-3f83-4a62-b771-8134d5b5a121.png',37),(41,'https://cogethera801.s3.ap-northeast-2.amazonaws.com/a11da53e-92b5-4aae-a2f0-013e9b70435f.png',39),(42,'https://cogethera801.s3.ap-northeast-2.amazonaws.com/4cab9068-5e0f-41d1-a4b1-2b7f466707cd.png',39),(43,'https://cogethera801.s3.ap-northeast-2.amazonaws.com/1968ab46-67f1-461a-9d37-c6ccaf0ea497.png',39),(44,'https://cogethera801.s3.ap-northeast-2.amazonaws.com/fd6d6813-0aaa-431d-a66e-221d27ec04d2.png',40),(45,'https://cogethera801.s3.ap-northeast-2.amazonaws.com/c0302fd7-7aa8-436c-8e13-3b2696b3b4ad.png',40),(46,'https://cogethera801.s3.ap-northeast-2.amazonaws.com/eca5d640-dd28-466e-94de-62252fa5d9b1.png',40),(47,'https://cogethera801.s3.ap-northeast-2.amazonaws.com/ee25a7da-69d2-441b-b3f1-b78983f28458.png',41),(48,'https://cogethera801.s3.ap-northeast-2.amazonaws.com/3fdba92e-00bb-4947-9e41-e34f65ca4192.png',42),(49,'https://cogethera801.s3.ap-northeast-2.amazonaws.com/ac0ff6ef-358b-4e1e-a566-d0d272fbc1aa.jfif',43),(51,'https://cogethera801.s3.ap-northeast-2.amazonaws.com/ec795f8d-519c-4927-8486-680ff27ff31e.png',45),(52,'https://cogethera801.s3.ap-northeast-2.amazonaws.com/a5fa5211-b32d-40dd-9dbd-18f64273d3ad.jfif',46),(53,'https://cogethera801.s3.ap-northeast-2.amazonaws.com/e53201e3-547f-4311-b9b0-a1d2667849a1.png',47),(54,'https://cogethera801.s3.ap-northeast-2.amazonaws.com/7f9a107a-8cf5-403b-ab35-a226d9799646.jpg',48),(55,'https://cogethera801.s3.ap-northeast-2.amazonaws.com/75dc8e1e-4bc0-4303-b018-ea4e5836a5ee.jpg',49),(56,'https://cogethera801.s3.ap-northeast-2.amazonaws.com/f1594bbd-5daf-4ca2-8a42-bf05a71fa725.png',50),(57,'https://cogethera801.s3.ap-northeast-2.amazonaws.com/940e9575-223e-4fd0-b957-c27a5402e987.png',51),(58,'https://cogethera801.s3.ap-northeast-2.amazonaws.com/459ea583-9df8-4787-a088-56aae1f73b3f.png',52),(62,'https://cogethera801.s3.ap-northeast-2.amazonaws.com/931ad55e-1a5a-4c57-88de-982dd016bb69.jpg',54),(63,'https://cogethera801.s3.ap-northeast-2.amazonaws.com/284e3d65-881b-4698-983b-ae03033da112.jpg',54),(64,'https://cogethera801.s3.ap-northeast-2.amazonaws.com/2807bfa4-326b-4b2e-92fc-6d0ad8284bad.jpg',55),(65,'https://cogethera801.s3.ap-northeast-2.amazonaws.com/33dd317e-86c0-4a63-b35a-459302a7193c.png',56),(66,'https://cogethera801.s3.ap-northeast-2.amazonaws.com/83462f31-142c-4305-a66c-b05b57426dd9.png',57),(70,'https://cogethera801.s3.ap-northeast-2.amazonaws.com/ee25a7da-69d2-441b-b3f1-b78983f28458.png',60),(71,'https://cogethera801.s3.ap-northeast-2.amazonaws.com/71c58056-3595-4642-81ab-b1ac86ec58e6.png',61),(72,'https://cogethera801.s3.ap-northeast-2.amazonaws.com/df723d3b-1490-4759-910c-3af6893ed7ec.png',62),(73,'https://cogethera801.s3.ap-northeast-2.amazonaws.com/84656089-73ed-4349-be27-9f3e57bdca59.jpg',63),(74,'https://cogethera801.s3.ap-northeast-2.amazonaws.com/14b26bde-32d7-46b3-8025-d3687ca31d36.jpg',63),(75,'https://cogethera801.s3.ap-northeast-2.amazonaws.com/7c940c61-2ef1-4300-8539-591378703f1c.jpg',64);
/*!40000 ALTER TABLE `til_img` ENABLE KEYS */;
UNLOCK TABLES;

--
-- Table structure for table `til_like`
--

DROP TABLE IF EXISTS `til_like`;
/*!40101 SET @saved_cs_client     = @@character_set_client */;
/*!50503 SET character_set_client = utf8mb4 */;
CREATE TABLE `til_like` (
  `id` int unsigned NOT NULL AUTO_INCREMENT,
  `til_id` int unsigned DEFAULT NULL,
  `user_id` int unsigned DEFAULT NULL,
  PRIMARY KEY (`id`),
  KEY `FK98okttgtrl19sfpsmx3r50vt6` (`til_id`),
  KEY `FKqohwt931f2cohsy6ke1hxkw4y` (`user_id`),
  CONSTRAINT `FK98okttgtrl19sfpsmx3r50vt6` FOREIGN KEY (`til_id`) REFERENCES `til` (`id`),
  CONSTRAINT `FKqohwt931f2cohsy6ke1hxkw4y` FOREIGN KEY (`user_id`) REFERENCES `user` (`id`)
) ENGINE=InnoDB AUTO_INCREMENT=128 DEFAULT CHARSET=utf8mb4 COLLATE=utf8mb4_0900_ai_ci;
/*!40101 SET character_set_client = @saved_cs_client */;

--
-- Dumping data for table `til_like`
--

LOCK TABLES `til_like` WRITE;
/*!40000 ALTER TABLE `til_like` DISABLE KEYS */;
INSERT INTO `til_like` VALUES (74,37,3),(76,41,3),(77,20,3),(92,42,26),(95,50,28),(96,41,4),(98,20,4),(99,37,4),(100,47,4),(101,46,4),(102,45,4),(103,49,4),(104,48,4),(109,57,27),(110,49,25),(111,47,25),(112,46,25),(113,55,32),(114,54,32),(117,49,27),(118,61,27),(119,48,27),(120,46,27),(121,62,4),(124,52,8),(126,57,4),(127,64,4);
/*!40000 ALTER TABLE `til_like` ENABLE KEYS */;
UNLOCK TABLES;

--
-- Table structure for table `user`
--

DROP TABLE IF EXISTS `user`;
/*!40101 SET @saved_cs_client     = @@character_set_client */;
/*!50503 SET character_set_client = utf8mb4 */;
CREATE TABLE `user` (
  `id` int unsigned NOT NULL AUTO_INCREMENT,
  `admin` bit(1) DEFAULT NULL,
  `comp` bit(1) DEFAULT NULL,
  `created_at` datetime(6) DEFAULT NULL,
  `email` varchar(50) NOT NULL,
  `etc_url` varchar(200) DEFAULT NULL,
  `exp` int NOT NULL,
  `git_url` varchar(100) DEFAULT NULL,
  `img_url` varchar(500) DEFAULT NULL,
  `intro` varchar(100) DEFAULT NULL,
  `nickname` varchar(15) DEFAULT NULL,
  `notion_url` varchar(150) DEFAULT NULL,
  `password` varchar(255) NOT NULL,
  `resign` bit(1) DEFAULT NULL,
  `tistory_url` varchar(100) DEFAULT NULL,
  `velog_url` varchar(100) DEFAULT NULL,
  `verified` bit(1) DEFAULT NULL,
  PRIMARY KEY (`id`)
) ENGINE=InnoDB AUTO_INCREMENT=33 DEFAULT CHARSET=utf8mb4 COLLATE=utf8mb4_0900_ai_ci;
/*!40101 SET character_set_client = @saved_cs_client */;

--
-- Dumping data for table `user`
--

LOCK TABLES `user` WRITE;
/*!40000 ALTER TABLE `user` DISABLE KEYS */;
INSERT INTO `user` VALUES (1,_binary '\0',_binary '\0','2022-08-17 19:58:00.956316','kku64r@gmail.com',NULL,245,'https://github.com/KimJinHoe','https://cogethera801.s3.ap-northeast-2.amazonaws.com/0aba7ca7-380f-425e-bf80-70086f4d2138.PNG','저는 백엔드 최고가 될 것입니다.','백엔드개발자',NULL,'$2a$10$bVZaBHEuj.Ggp.QbSnrs8.HGZta5IOe/WC1FvFZtlKtrh9ptJqECm',_binary '\0',NULL,NULL,_binary ''),(2,_binary '\0',_binary '\0','2022-08-17 20:03:04.906989','kku64r@chungbuk.ac.kr',NULL,25,NULL,'https://cogethera801.s3.ap-northeast-2.amazonaws.com/0c144e86-d897-4566-a898-7522b19a972c.jpg','자바의 마스터 자바를 잡아!!','자바를잡아라',NULL,'$2a$10$j82Bu/H1TkvIig0yXVAm2.O8cSRimQXl5Or8FnS7ybnxPvySQeNfS',_binary '\0',NULL,NULL,_binary ''),(3,_binary '\0',_binary '\0','2022-08-17 20:27:20.658178','ibsun1215@gmail.com','https://solved.ac/profile/ibsun1215',106,NULL,'https://cogethera801.s3.ap-northeast-2.amazonaws.com/cc6b57fa-6fa9-46d2-96a1-ef155085f2f6.jpg','잘 부탁드려요!','주디리아','https://cogether.notion.site/63e910f0cdb842ae872668e7cd9e8499','$2a$10$FV07dhtfyD20jDxsXJ48j.T8W58xK6VQFhcFBGdozp7/qstLlHLgK',_binary '\0',NULL,NULL,_binary ''),(4,_binary '\0',_binary '\0','2022-08-17 20:53:19.159696','naryung92@naver.com',NULL,54,'https://github.com/naryeong-ko','https://cogethera801.s3.ap-northeast-2.amazonaws.com/28507c1f-e0f1-4d3e-83a0-6105b4aab431.jpg','열심히 하는 나롱다롱입니다~','나롱다롱',NULL,'$2a$10$81/6ii5J8hD6dkwQM3mrLOUr5ZxkNGwyv78bOiyyhtpWeBPJkL9XC',_binary '\0',NULL,NULL,_binary ''),(5,_binary '\0',_binary '\0','2022-08-17 21:40:21.644572','hcdefinitely@gmail.com',NULL,260,'git','https://cogethera801.s3.ap-northeast-2.amazonaws.com/8516435f-6324-4b05-9d9a-b5b79c87595b.jpg','모두 화이팅!','홍철이',NULL,'$2a$10$I.aI9.sr2CYeXg6Y0lPSe.DX21zMElaSjcZKCsQGduU3ZG1JpFoCu',_binary '\0',NULL,NULL,_binary ''),(6,_binary '\0',_binary '\0','2022-08-17 22:27:15.364368','gta1111@naver.com',NULL,45,NULL,'https://cogethera801.s3.ap-northeast-2.amazonaws.com/5e69a0d0-bb6f-41c4-ae85-75eecfea4409.jfif',NULL,'싸피팔반만세',NULL,'$2a$10$eL1bc/rLr7ZSff0WQh3uRes5q1EcxGLzsMsdO39vJbHzWZAI.8XTG',_binary '\0',NULL,NULL,_binary ''),(7,_binary '\0',_binary '\0','2022-08-17 22:33:36.665015','wldusdl1023@naver.com',NULL,70,NULL,'https://cogethera801.s3.ap-northeast-2.amazonaws.com/3961caab-19bc-40f0-a827-f06835112142.png',NULL,'개똥이',NULL,'$2a$10$.xvU5fbo2K53pK6DtUZcnuWQxkaRauJAkZfmk74.pmS4wS8QVDF/G',_binary '\0',NULL,NULL,_binary ''),(8,_binary '\0',_binary '\0','2022-08-12 02:57:57.903373','crazygun22@ssafy.com','https://github.com/',22,'https://github.com/','https://cogethera801.s3.ap-northeast-2.amazonaws.com/%EA%B8%B0%EB%B3%B8%ED%94%84%EB%A1%9C%ED%95%84.png','갓설턴트','최인국',NULL,'$2a$10$i2WtIp3VhYdm1siQJVmUO.rKmtUFjb4Aqd/Ws8BF/x.gpkovnklu6',_binary '\0',NULL,NULL,_binary ''),(9,_binary '\0',_binary '\0','2022-08-12 02:57:57.903373','ssafy_coach@ssafy.com','https://github.com/',15,'https://github.com/','https://cogethera801.s3.ap-northeast-2.amazonaws.com/%EA%B8%B0%EB%B3%B8%ED%94%84%EB%A1%9C%ED%95%84.png','갓코치','쓰아피코오치',NULL,'$2a$10$i2WtIp3VhYdm1siQJVmUO.rKmtUFjb4Aqd/Ws8BF/x.gpkovnklu6',_binary '\0',NULL,NULL,_binary ''),(10,_binary '\0',_binary '\0','2022-08-18 22:25:11.612910','zzangsin2002@hanmail.net',NULL,0,NULL,'https://cogethera801.s3.ap-northeast-2.amazonaws.com/%EA%B8%B0%EB%B3%B8%ED%94%84%EB%A1%9C%ED%95%84.png',NULL,'아야어여',NULL,'$2a$10$l9UPyX1KZZ8.YB2E03EskewcgXWYk2uglwl1sZg0jBkjd9TehKNly',_binary '\0',NULL,NULL,_binary ''),(11,_binary '\0',_binary '\0','2022-08-12 10:57:57.903373','ssafy@ssafy.com',NULL,2450,'https://github.com/naryeong-ko','https://cogethera801.s3.ap-northeast-2.amazonaws.com/%EA%B8%B0%EB%B3%B8%ED%94%84%EB%A1%9C%ED%95%84.png','이 몸 .. 최강 개발자가 될 몸이다 ','vV최강개발자Vv',NULL,'$2a$10$i2WtIp3VhYdm1siQJVmUO.rKmtUFjb4Aqd/Ws8BF/x.gpkovnklu6',_binary '\0',NULL,NULL,_binary ''),(23,_binary '\0',_binary '\0','2022-08-12 11:57:57.903373','ssafy1@ssafy.com',NULL,3000,NULL,'https://cogethera801.s3.ap-northeast-2.amazonaws.com/0e888b85-b702-46f4-92b0-8a4b5d24c56b.png','인공지능, 데이터분석 공부중!','최강싸피1',NULL,'$2a$10$i2WtIp3VhYdm1siQJVmUO.rKmtUFjb4Aqd/Ws8BF/x.gpkovnklu6',_binary '\0',NULL,NULL,_binary ''),(24,_binary '\0',_binary '\0','2022-08-12 11:58:57.903373','ssafy2@ssafy.com',NULL,2500,NULL,NULL,'할말업다 ~','최강싸피2',NULL,'$2a$10$i2WtIp3VhYdm1siQJVmUO.rKmtUFjb4Aqd/Ws8BF/x.gpkovnklu6',_binary '\0',NULL,NULL,_binary ''),(25,_binary '\0',_binary '\0','2022-08-12 11:59:57.903373','zyeon@ssafy.com',NULL,747,NULL,'https://cogethera801.s3.ap-northeast-2.amazonaws.com/8c2e70d3-13a6-4280-84ad-54d534398ff9.jpg','백엔드 개발 지망, 스프링부트 , 자바공부중','Zz지존지연zZz',NULL,'$2a$10$i2WtIp3VhYdm1siQJVmUO.rKmtUFjb4Aqd/Ws8BF/x.gpkovnklu6',_binary '\0',NULL,NULL,_binary ''),(26,_binary '\0',_binary '\0','2022-08-12 12:57:57.903373','jine@ssafy.com','https://github.com/KimJinHoe',32,'https://github.com/KimJinHoe','https://cogethera801.s3.ap-northeast-2.amazonaws.com/%EA%B8%B0%EB%B3%B8%ED%94%84%EB%A1%9C%ED%95%84.png','천재 풀스택 개발자','김진회',NULL,'$2a$10$i2WtIp3VhYdm1siQJVmUO.rKmtUFjb4Aqd/Ws8BF/x.gpkovnklu6',_binary '\0',NULL,NULL,_binary ''),(27,_binary '\0',_binary '\0','2022-08-12 13:57:57.903373','gogonaryeong@ssafy.com','https://github.com/naryeong-ko',95,'https://github.com/naryeong-ko','https://cogethera801.s3.ap-northeast-2.amazonaws.com/e437150e-1d3c-46db-89e4-43839e92c472.png','안뇽 ~~ 난 나롱이라구해 ~ 백엔드개발자 하구시퐁','고고나롱',NULL,'$2a$10$i2WtIp3VhYdm1siQJVmUO.rKmtUFjb4Aqd/Ws8BF/x.gpkovnklu6',_binary '\0',NULL,NULL,_binary ''),(28,_binary '\0',_binary '\0','2022-08-12 09:57:57.903373','godse@ssafy.com','https://github.com/JudyLia56',12,'https://github.com/JudyLia56','https://cogethera801.s3.ap-northeast-2.amazonaws.com/%EA%B8%B0%EB%B3%B8%ED%94%84%EB%A1%9C%ED%95%84.png','안녕하세요. 선팔맞팔 ~','신성은',NULL,'$2a$10$i2WtIp3VhYdm1siQJVmUO.rKmtUFjb4Aqd/Ws8BF/x.gpkovnklu6',_binary '\0',NULL,NULL,_binary ''),(29,_binary '\0',_binary '\0','2022-08-12 15:57:57.903373','hcpark@ssafy.com',NULL,0,NULL,'https://cogethera801.s3.ap-northeast-2.amazonaws.com/%EA%B8%B0%EB%B3%B8%ED%94%84%EB%A1%9C%ED%95%84.png','취업햇지롱 ~~ 반가워요','박홍철',NULL,'$2a$10$i2WtIp3VhYdm1siQJVmUO.rKmtUFjb4Aqd/Ws8BF/x.gpkovnklu6',_binary '\0',NULL,NULL,_binary ''),(30,_binary '\0',_binary '\0','2022-08-12 16:57:57.903373','escaper1@ssafy.com',NULL,0,NULL,'https://cogethera801.s3.ap-northeast-2.amazonaws.com/%EA%B8%B0%EB%B3%B8%ED%94%84%EB%A1%9C%ED%95%84.png','안녕.. 나 NHN 다닌다','변정호',NULL,'$2a$10$i2WtIp3VhYdm1siQJVmUO.rKmtUFjb4Aqd/Ws8BF/x.gpkovnklu6',_binary '\0',NULL,NULL,_binary ''),(31,_binary '\0',_binary '\0','2022-08-12 02:57:57.903373','escaper2@ssafy.com',NULL,0,NULL,'https://cogethera801.s3.ap-northeast-2.amazonaws.com/%EA%B8%B0%EB%B3%B8%ED%94%84%EB%A1%9C%ED%95%84.png','프론트 장인 미노미노입니다','장민호',NULL,'$2a$10$i2WtIp3VhYdm1siQJVmUO.rKmtUFjb4Aqd/Ws8BF/x.gpkovnklu6',_binary '\0',NULL,NULL,_binary ''),(32,_binary '\0',_binary '\0','2022-08-19 04:34:35.302192','gkdlrhfhasl@gmail.com',NULL,4,NULL,'https://cogethera801.s3.ap-northeast-2.amazonaws.com/%EA%B8%B0%EB%B3%B8%ED%94%84%EB%A1%9C%ED%95%84.png',NULL,'누군가의닉네임',NULL,'$2a$10$FXu5mH/pMb/cCPEgyv5EdeF2QUIUq03SCRK4KcBrxa7dMM/kfQgkS',_binary '',NULL,NULL,_binary '');
/*!40000 ALTER TABLE `user` ENABLE KEYS */;
UNLOCK TABLES;

--
-- Table structure for table `user_skill`
--

DROP TABLE IF EXISTS `user_skill`;
/*!40101 SET @saved_cs_client     = @@character_set_client */;
/*!50503 SET character_set_client = utf8mb4 */;
CREATE TABLE `user_skill` (
  `id` int unsigned NOT NULL AUTO_INCREMENT,
  `skill_id` varchar(50) DEFAULT NULL,
  `user_id` int unsigned DEFAULT NULL,
  PRIMARY KEY (`id`),
  KEY `FKfixgsonf2ev168mfck7co17u1` (`user_id`),
  CONSTRAINT `FKfixgsonf2ev168mfck7co17u1` FOREIGN KEY (`user_id`) REFERENCES `user` (`id`)
) ENGINE=InnoDB AUTO_INCREMENT=55 DEFAULT CHARSET=utf8mb4 COLLATE=utf8mb4_0900_ai_ci;
/*!40101 SET character_set_client = @saved_cs_client */;

--
-- Dumping data for table `user_skill`
--

LOCK TABLES `user_skill` WRITE;
/*!40000 ALTER TABLE `user_skill` DISABLE KEYS */;
INSERT INTO `user_skill` VALUES (1,'java',1),(3,'spring',1),(4,'cplusplus',2),(5,'c',2),(6,'python',2),(7,'react',2),(8,'java',3),(9,'spring',3),(10,'mysql',3),(11,'docker',1),(12,'java',4),(13,'spring',4),(14,'mysql',4),(15,'c',5),(16,'c',6),(17,'spring',6),(18,'cplusplus',6),(19,'java',6),(20,'python',7),(21,'c',7),(22,'cplusplus',7),(23,'composer',5),(28,'c',8),(29,'java',8),(30,'cplusplus',8),(31,'spring',8),(32,'c',9),(33,'java',9),(34,'cplusplus',9),(35,'spring',9),(36,'java',10),(37,'pandas',23),(38,'numpy',23),(39,'python',23),(40,'pytorch',23),(41,'tensorflow',23),(42,'java',27),(43,'cplusplus',27),(44,'c',27),(45,'raspberrypi',27),(46,'arduino',27),(47,'spring',27),(48,'jira',27),(49,'mysql',27),(50,'c',25),(51,'java',25),(52,'spring',25),(53,'c',32),(54,'cplusplus',32);
/*!40000 ALTER TABLE `user_skill` ENABLE KEYS */;
UNLOCK TABLES;

--
-- Table structure for table `verification`
--

DROP TABLE IF EXISTS `verification`;
/*!40101 SET @saved_cs_client     = @@character_set_client */;
/*!50503 SET character_set_client = utf8mb4 */;
CREATE TABLE `verification` (
  `id` int NOT NULL AUTO_INCREMENT,
  `code` varchar(255) DEFAULT NULL,
  `email` varchar(255) DEFAULT NULL,
  PRIMARY KEY (`id`)
) ENGINE=InnoDB AUTO_INCREMENT=39 DEFAULT CHARSET=utf8mb4 COLLATE=utf8mb4_0900_ai_ci;
/*!40101 SET character_set_client = @saved_cs_client */;

--
-- Dumping data for table `verification`
--

LOCK TABLES `verification` WRITE;
/*!40000 ALTER TABLE `verification` DISABLE KEYS */;
INSERT INTO `verification` VALUES (8,'kM4JHrLn','ibsun1215@naver.com'),(9,'kM4JHrLn','ibsun1215@naver.com'),(10,'ji5TeH39','gkdlrhfhasl@gmail.com'),(11,'ji5TeH39','gkdlrhfhasl@gmail.com'),(12,'ji5TeH39','gkdlrhfhasl@gmail.com'),(13,'ji5TeH39','gkdlrhfhasl@gmail.com'),(15,'CNJeL0F9','ibsun1215@naver.com'),(16,'CNJeL0F9','ibsun1215@naver.com'),(17,'CNJeL0F9','gkdlrhfhasl@gmail.com'),(18,'CNJeL0F9','gkdlrhfhasl@gmail.com'),(19,'CNJeL0F9','gkdlrhfhasl@gmail.com'),(20,'CNJeL0F9','hcdefinitely@gmail.com'),(21,'CNJeL0F9','gkdlrhfhasl@gmail.com'),(22,'CNJeL0F9','gkdlrhfhasl@gmail.com'),(23,'CNJeL0F9','gkdlrhfhasl@gmail.com'),(24,'CNJeL0F9','gkdlrhfhasl@gmail.com'),(25,'CNJeL0F9','gkdlrhfhasl@gmail.com'),(26,'CNJeL0F9','gkdlrhfhasl@gmail.com'),(27,'CNJeL0F9','gkdlrhfhasl@gmail.com'),(28,'CNJeL0F9','gkdlrhfhasl@gmail.com'),(29,'CNJeL0F9','gkdlrhfhasl@gmail.com'),(30,'CNJeL0F9','gkdlrhfhasl@gmail.com'),(31,'CNJeL0F9','gkdlrhfhasl@gmail.com'),(32,'CNJeL0F9','gkdlrhfhasl@gmail.com'),(33,'CNJeL0F9','gkdlrhfhasl@gmail.com'),(34,'7z2Oo6Sx','ibsun1215@naver.com'),(35,'7z2Oo6Sx','dsadas@fsdf.com'),(36,'7z2Oo6Sx','dsadas@fsdf.com'),(37,'7z2Oo6Sx','dsadas@fsdf.com'),(38,'7z2Oo6Sx','mir413@naver.com');
/*!40000 ALTER TABLE `verification` ENABLE KEYS */;
UNLOCK TABLES;
/*!40103 SET TIME_ZONE=@OLD_TIME_ZONE */;

/*!40101 SET SQL_MODE=@OLD_SQL_MODE */;
/*!40014 SET FOREIGN_KEY_CHECKS=@OLD_FOREIGN_KEY_CHECKS */;
/*!40014 SET UNIQUE_CHECKS=@OLD_UNIQUE_CHECKS */;
/*!40101 SET CHARACTER_SET_CLIENT=@OLD_CHARACTER_SET_CLIENT */;
/*!40101 SET CHARACTER_SET_RESULTS=@OLD_CHARACTER_SET_RESULTS */;
/*!40101 SET COLLATION_CONNECTION=@OLD_COLLATION_CONNECTION */;
/*!40111 SET SQL_NOTES=@OLD_SQL_NOTES */;

-- Dump completed on 2022-08-19 10:23:56
